1,26,29221,29310,1,1/1/2000 00:00:00,3/30/2000 00:00:00,SLS,Sale Challenge 2000,1  ,6464,6157,11049.8,11631.3,,20,51677.3,1731,1237,36912.4,,
2,458,1008,1792,295,5/20/1995 00:00:00,8/14/1998 00:00:00,MKT,Greater Brand Recognition,13 ,98743,93806,11158.54,10600.61,50% off next,9 ,261782.9,82144,78037,248693.76,NULL,T
3,137,686,1749,344,4/3/1996 00:00:00,11/29/1998 00:00:00,MKT,Increase Profit Margin,79 ,83435,87607,4991.05,5240.6,gift,6 ,158047.46,34758,36496,165949.83,NULL,T
4,240,555,2043,368,5/19/1995 00:00:00,4/9/1999 00:00:00,CUS,Initial Product Launch,90 ,12738,12420,13028.57,12702.86,rebate,3 ,407499.31,95771,93377,397311.83,NULL,T
5,264,750,1902,489,6/14/1995 00:00:00,4/23/1998 00:00:00,CUS,Increase Profit Margin,52 ,98449,99433,23680.94,23917.75,discount,2 ,242343.6,19855,20054,244767.04,NULL,T
6,375,1005,2186,243,6/2/1995 00:00:00,9/29/1998 00:00:00,CUS,Greater Brand Recognition,43 ,75250,77508,7249.99,7467.49,rebate,8 ,134113.9,24955,25704,138137.32,NULL,T
7,373,632,2053,455,3/2/1995 00:00:00,2/18/1999 00:00:00,NRC,Increase Market Share,95 ,39760,41748,6403.47,6723.64,gift,6 ,190852.7,35959,37757,200395.34,NULL,T
8,452,1039,1849,40,4/8/1995 00:00:00,1/16/1999 00:00:00,NRC,Initial Product Launch,7  ,68644,65212,24083.17,22879.01,gift,3 ,201753.99,35807,34017,191666.29,NULL,T
9,81,863,1933,332,1/17/1995 00:00:00,5/3/1999 00:00:00,NRC,Increase Profit Margin,50 ,79159,77180,24701.38,24083.85,sample,1 ,55079.64,24318,23710,53702.65,NULL,T
10,273,974,1680,403,3/8/1996 00:00:00,12/7/1998 00:00:00,NRC,Greater Brand Recognition,79 ,57056,57627,15609.21,15765.3,discount,5 ,282222.95,31462,31777,285045.18,NULL,T
11,107,988,2113,178,11/18/1995 00:00:00,10/3/1998 00:00:00,TRS,Increase Market Share,69 ,95727,98599,10519.38,10834.96,extended warranty,7 ,288992.84,72218,74385,297662.63,NULL,T
12,363,646,1811,321,2/5/1995 00:00:00,7/28/1998 00:00:00,TRS,Initial Product Launch,16 ,76884,80728,9134.69,9591.42,rebate,4 ,308823.78,64656,67889,324264.97,NULL,T
13,162,773,2072,400,4/23/1996 00:00:00,9/27/1998 00:00:00,TRS,Increase Profit Margin,72 ,92214,87603,13682.16,12998.05,extended warranty,1 ,438000.75,92941,88294,416100.71,NULL,T
14,69,844,1796,375,1/7/1995 00:00:00,2/16/1999 00:00:00,TRS,Greater Brand Recognition,99 ,58910,57437,13642.91,13301.84,gift,5 ,351065.68,25708,25065,342289.04,NULL,T
15,312,557,2048,124,9/22/1995 00:00:00,10/15/1998 00:00:00,MKT,Increase Market Share,62 ,92049,92969,22443.33,22667.76,gift,6 ,385059.01,87404,88278,388909.6,NULL,T
16,494,945,1947,187,6/16/1995 00:00:00,5/7/1999 00:00:00,MKT,Initial Product Launch,53 ,29336,30216,23220.49,23917.1,extended warranty,3 ,200854.07,60868,62694,206879.69,NULL,T
17,31,1056,1873,396,12/14/1995 00:00:00,4/3/1999 00:00:00,CUS,Increase Market Share,28 ,27043,25691,23092.68,21938.05,gift,5 ,64357.27,66884,63540,61139.41,NULL,T
18,64,923,1945,41,7/5/1995 00:00:00,6/5/1999 00:00:00,NRC,Increase Market Share,89 ,62739,64621,16885.46,17392.02,extended warranty,4 ,482619.11,48025,49466,497097.68,NULL,T
19,110,911,2127,200,6/15/1996 00:00:00,6/2/1998 00:00:00,NRC,Initial Product Launch,64 ,50711,53247,5847.51,6139.89,gift,9 ,237632.32,79054,83007,249513.94,NULL,T
20,100,1008,1841,436,6/13/1995 00:00:00,1/2/1998 00:00:00,NRC,Increase Profit Margin,57 ,82413,78292,6932.5,6585.88,50% off next,7 ,117341.2,94867,90124,111474.14,NULL,T
21,11,691,1961,50,11/10/1995 00:00:00,1/21/1998 00:00:00,NRC,Greater Brand Recognition,67 ,11145,10866,8392.66,8182.84,rebate,8 ,425156.18,29064,28337,414527.28,NULL,T
22,83,922,2179,449,7/1/1995 00:00:00,6/2/1998 00:00:00,TRS,Increase Market Share,36 ,16245,16407,13931.52,14070.84,50% off next,5 ,264479.84,86627,87493,267124.64,NULL,T
23,227,624,1824,85,5/24/1995 00:00:00,7/17/1998 00:00:00,TRS,Initial Product Launch,45 ,29144,30018,15895.49,16372.35,gift,1 ,450307.57,30473,31387,463816.8,NULL,T
24,419,948,1905,65,5/8/1996 00:00:00,9/11/1998 00:00:00,TRS,Increase Profit Margin,82 ,95202,99962,23926.19,25122.5,sample,6 ,440827.95,74791,78531,462869.35,NULL,T
25,193,661,1836,27,6/15/1996 00:00:00,11/26/1998 00:00:00,TRS,Greater Brand Recognition,99 ,89692,85207,8091.04,7686.49,sample,9 ,342121.48,21884,20790,325015.41,NULL,T
26,136,1025,2004,169,2/27/1995 00:00:00,1/5/1998 00:00:00,MKT,Increase Market Share,8  ,99924,97426,9158.74,8929.77,sample,5 ,91712.9,15814,15419,89420.08,NULL,T
27,490,1071,1950,166,3/21/1995 00:00:00,2/8/1999 00:00:00,MKT,Initial Product Launch,57 ,86495,87360,10190.3,10292.2,50% off next,3 ,96263.36,37368,37742,97225.99,NULL,T
28,258,722,1945,172,5/6/1996 00:00:00,4/8/1999 00:00:00,MKT,Increase Profit Margin,94 ,42946,44234,17011.3,17521.64,extended warranty,9 ,479561.1,16976,17485,493947.93,NULL,T
29,336,912,1826,23,3/8/1996 00:00:00,9/11/1998 00:00:00,MKT,Greater Brand Recognition,58 ,26867,28210,2848.64,2991.07,buy 1 get 1 free,10,76911.24,71103,74658,80756.8,NULL,T
30,395,1041,1675,477,8/29/1995 00:00:00,9/6/1998 00:00:00,CUS,Greater Brand Recognition,63 ,54889,55438,12049.86,12170.36,discount,7 ,385683.78,45995,46455,389540.62,NULL,T
31,462,863,2160,9,12/9/1995 00:00:00,6/15/1998 00:00:00,NRC,Greater Brand Recognition,91 ,13908,13213,8491.43,8066.86,discount,5 ,402788.58,76022,72221,382649.15,NULL,T
32,472,568,1852,381,5/26/1995 00:00:00,4/2/1999 00:00:00,TRS,Increase Market Share,33 ,93919,91571,24823.25,24202.67,sample,7 ,400802.49,47522,46334,390782.43,NULL,T
33,185,902,1806,171,9/11/1995 00:00:00,1/25/1999 00:00:00,TRS,Initial Product Launch,27 ,18737,18924,6471.1,6535.81,discount,9 ,108629.34,88442,89326,109715.63,NULL,T
34,377,1090,2107,278,1/28/1996 00:00:00,1/19/1998 00:00:00,TRS,Increase Profit Margin,43 ,78601,80959,23103.74,23796.85,buy 1 get 1 free,9 ,197839.42,79928,82326,203774.6,NULL,T
35,246,660,1697,412,2/29/1996 00:00:00,4/19/1999 00:00:00,TRS,Greater Brand Recognition,27 ,50598,53128,21406.67,22477,buy 1 get 1 free,9 ,190069.56,92340,96957,199573.04,NULL,T
36,175,916,1904,165,5/30/1996 00:00:00,2/18/1998 00:00:00,MKT,Increase Market Share,89 ,75997,72197,22034.78,20933.04,discount,9 ,360459.76,49453,46980,342436.77,NULL,T
37,434,713,1709,426,4/6/1996 00:00:00,9/20/1998 00:00:00,MKT,Initial Product Launch,25 ,37851,36905,22805.15,22235.02,sample,1 ,92509.24,18907,18434,90196.51,NULL,T
38,186,696,1777,233,2/11/1996 00:00:00,6/30/1998 00:00:00,MKT,Increase Profit Margin,42 ,49200,49692,4815.14,4863.29,extended warranty,3 ,360111.37,31589,31905,363712.48,NULL,T
39,311,970,2001,94,6/28/1995 00:00:00,7/14/1998 00:00:00,MKT,Greater Brand Recognition,18 ,92667,95447,1917.47,1974.99,rebate,5 ,222787.72,87561,90188,229471.35,NULL,T
40,341,892,1851,193,8/4/1995 00:00:00,12/13/1998 00:00:00,CUS,Increase Market Share,94 ,50920,53466,22030.91,23132.46,buy 1 get 1 free,5 ,276090.98,17039,17891,289895.53,NULL,T
41,332,621,1899,223,8/23/1995 00:00:00,7/30/1998 00:00:00,CUS,Initial Product Launch,84 ,98498,93573,16579.85,15750.86,sample,9 ,348818.33,66238,62926,331377.41,NULL,T
42,325,827,1711,337,6/24/1996 00:00:00,3/21/1998 00:00:00,CUS,Increase Profit Margin,22 ,78236,76280,23371.42,22787.13,extended warranty,4 ,445755.68,15405,15020,434611.79,NULL,T
43,106,1053,2014,179,9/5/1995 00:00:00,8/20/1998 00:00:00,NRC,Increase Profit Margin,20 ,45586,47865,17698.4,18583.32,50% off next,5 ,252867.96,29443,30915,265511.36,NULL,T
44,426,836,1816,406,5/17/1996 00:00:00,2/14/1999 00:00:00,TRS,Increase Profit Margin,40 ,96663,97630,20540.19,20745.59,50% off next,7 ,246286.38,34681,35028,248749.24,NULL,T
45,41,1070,1852,285,1/28/1996 00:00:00,4/1/1998 00:00:00,TRS,Greater Brand Recognition,82 ,52367,53938,20765.09,21388.04,rebate,4 ,417386.41,92796,95580,429908,NULL,T
46,62,865,2080,478,3/6/1996 00:00:00,1/16/1998 00:00:00,MKT,Increase Market Share,56 ,30726,32262,17329.21,18195.67,sample,10,39423.26,47995,50395,41394.42,NULL,T
47,316,877,1784,166,6/10/1995 00:00:00,12/14/1998 00:00:00,MKT,Initial Product Launch,21 ,80702,76667,17617.37,16736.5,gift,6 ,373332.1,86630,82299,354665.5,NULL,T
48,394,722,2162,417,1/29/1995 00:00:00,4/12/1999 00:00:00,MKT,Increase Profit Margin,43 ,87330,85147,3644.21,3553.1,extended warranty,2 ,50933.83,72907,71084,49660.48,NULL,T
49,280,607,2034,242,2/13/1995 00:00:00,5/10/1998 00:00:00,MKT,Greater Brand Recognition,62 ,28185,28467,16783.62,16951.46,sample,7 ,77694.57,35354,35708,78471.52,NULL,T
50,204,895,1779,486,6/8/1995 00:00:00,12/11/1998 00:00:00,CUS,Increase Market Share,89 ,13400,13802,17783.23,18316.73,buy 1 get 1 free,5 ,231413.7,66944,68952,238356.11,NULL,T
51,395,748,1887,23,5/26/1996 00:00:00,5/27/1998 00:00:00,CUS,Initial Product Launch,85 ,25439,26711,11988.4,12587.82,50% off next,7 ,231935.9,40573,42602,243532.7,NULL,T
52,311,797,1645,369,6/24/1996 00:00:00,2/7/1998 00:00:00,CUS,Increase Profit Margin,85 ,22379,21260,11192.54,10632.91,50% off next,9 ,130982.81,87476,83102,124433.67,NULL,T
53,371,961,1661,154,8/1/1995 00:00:00,7/26/1998 00:00:00,CUS,Greater Brand Recognition,32 ,49181,47951,11563.1,11274.02,rebate,1 ,226890.76,50167,48913,221218.49,NULL,T
54,495,777,2046,252,3/23/1995 00:00:00,5/5/1999 00:00:00,NRC,Increase Market Share,82 ,97004,97974,11423.22,11537.45,50% off next,7 ,420880.71,10318,10421,425089.52,NULL,T
55,407,860,1733,195,6/15/1995 00:00:00,8/7/1998 00:00:00,NRC,Initial Product Launch,20 ,74648,76887,5215.11,5371.56,discount,5 ,395134.13,59077,60849,406988.15,NULL,T
56,230,599,2082,482,5/1/1996 00:00:00,11/9/1998 00:00:00,TRS,Initial Product Launch,4  ,65104,63476,20027.02,19526.34,discount,10,42047.34,35676,34784,40996.16,NULL,T
57,100,908,1988,483,3/23/1996 00:00:00,5/28/1998 00:00:00,MKT,Initial Product Launch,90 ,48280,50694,5231.55,5493.13,discount,7 ,295791.5,50431,52953,310581.08,NULL,T
58,458,609,1856,75,6/12/1996 00:00:00,1/19/1999 00:00:00,MKT,Increase Profit Margin,44 ,18174,17265,9223.06,8761.91,50% off next,10,167919.76,70029,66528,159523.77,NULL,T
59,71,734,2189,183,3/13/1996 00:00:00,4/12/1999 00:00:00,MKT,Greater Brand Recognition,13 ,88791,86571,1532.51,1494.2,gift,3 ,293761.95,51939,50641,286417.9,NULL,T
60,25,832,1712,310,5/19/1996 00:00:00,6/21/1999 00:00:00,CUS,Increase Market Share,69 ,75028,75778,4846.08,4894.54,discount,9 ,187474.7,23148,23379,189349.45,NULL,T
61,96,1074,1890,56,11/15/1995 00:00:00,3/6/1999 00:00:00,CUS,Initial Product Launch,65 ,69743,71835,2442.21,2515.48,discount,9 ,104860.76,29034,29905,108006.58,NULL,T
62,351,626,2157,369,7/1/1996 00:00:00,12/19/1998 00:00:00,CUS,Increase Profit Margin,28 ,91755,96343,9716,10201.8,buy 1 get 1 free,1 ,195694.97,28531,29958,205479.72,NULL,T
63,268,841,1725,207,2/1/1995 00:00:00,11/9/1998 00:00:00,CUS,Greater Brand Recognition,16 ,59261,56298,2806.23,2665.92,discount,5 ,282730.69,88750,84313,268594.16,NULL,T
64,3,589,2097,402,7/10/1995 00:00:00,1/28/1999 00:00:00,NRC,Increase Market Share,3  ,14232,13876,15584.85,15195.23,50% off next,8 ,487099.86,67029,65353,474922.36,NULL,T
65,122,607,1839,352,7/1/1995 00:00:00,11/11/1998 00:00:00,NRC,Initial Product Launch,65 ,92433,93357,3889.14,3928.03,rebate,8 ,496594.07,15619,15775,501560.01,NULL,T
66,22,1019,1871,206,4/30/1996 00:00:00,12/1/1998 00:00:00,NRC,Increase Profit Margin,78 ,92766,95549,9101.08,9374.11,discount,7 ,86217.47,58352,60103,88803.99,NULL,T
67,357,1001,1950,494,2/24/1995 00:00:00,4/30/1998 00:00:00,NRC,Greater Brand Recognition,98 ,52024,54625,10284.87,10799.11,extended warranty,10,104120.15,73451,77124,109326.16,NULL,T
68,374,1091,2176,86,9/17/1995 00:00:00,7/27/1998 00:00:00,TRS,Increase Market Share,92 ,19138,18181,13014.13,12363.42,buy 1 get 1 free,9 ,412878.5,15551,14773,392234.58,NULL,T
69,165,1045,2113,445,2/6/1996 00:00:00,5/7/1998 00:00:00,MKT,Increase Market Share,32 ,37332,38452,6664.83,6864.77,sample,4 ,130112.47,15443,15906,134015.84,NULL,T
70,53,741,1830,29,5/30/1995 00:00:00,9/1/1998 00:00:00,CUS,Increase Market Share,37 ,62519,60956,5331.49,5198.2,gift,7 ,283628.98,24966,24342,276538.26,NULL,T
71,373,749,1853,51,11/12/1995 00:00:00,12/10/1998 00:00:00,CUS,Initial Product Launch,90 ,95713,96670,14426.38,14570.64,sample,1 ,421054.09,37832,38210,425264.63,NULL,T
72,412,849,2004,69,10/21/1995 00:00:00,2/21/1999 00:00:00,CUS,Increase Profit Margin,57 ,38873,40039,4247.18,4374.6,buy 1 get 1 free,2 ,224788.45,46770,48173,231532.1,NULL,T
73,409,855,1845,221,3/15/1995 00:00:00,1/20/1998 00:00:00,CUS,Greater Brand Recognition,66 ,44251,46464,23718.66,24904.59,extended warranty,2 ,477705.82,16314,17130,501591.11,NULL,T
74,315,873,1949,431,11/20/1995 00:00:00,10/3/1998 00:00:00,NRC,Increase Market Share,87 ,69498,66023,15792.34,15002.72,sample,6 ,139390.41,17278,16414,132420.89,NULL,T
75,293,578,1673,177,9/4/1995 00:00:00,6/4/1999 00:00:00,NRC,Initial Product Launch,31 ,35132,34254,21124.12,20596.02,buy 1 get 1 free,1 ,279946.32,60319,58811,272947.66,NULL,T
76,281,934,1989,29,10/12/1995 00:00:00,4/4/1999 00:00:00,NRC,Increase Profit Margin,73 ,49376,49870,3233.81,3266.15,gift,5 ,467543.49,82295,83118,472218.92,NULL,T
77,393,896,1727,235,7/1/1996 00:00:00,2/21/1999 00:00:00,NRC,Greater Brand Recognition,91 ,33588,34596,21323.69,21963.4,sample,8 ,246692.62,94202,97028,254093.4,NULL,T
78,77,604,1822,350,4/11/1996 00:00:00,5/18/1999 00:00:00,TRS,Increase Market Share,58 ,87890,92285,22433.46,23555.13,extended warranty,2 ,224367.26,63494,66669,235585.62,NULL,T
79,344,960,2042,81,7/9/1995 00:00:00,8/16/1998 00:00:00,TRS,Initial Product Launch,55 ,62698,59563,15519.79,14743.8,discount,10,196998.91,42130,40024,187148.96,NULL,T
80,388,633,1723,355,4/4/1996 00:00:00,1/30/1998 00:00:00,TRS,Increase Profit Margin,2  ,59674,58182,22805.23,22235.1,buy 1 get 1 free,3 ,374723.85,95479,93092,365355.75,NULL,T
81,213,672,1900,22,10/16/1995 00:00:00,5/26/1998 00:00:00,TRS,Greater Brand Recognition,47 ,45597,46053,18768.85,18956.54,discount,7 ,341324.12,14142,14283,344737.36,NULL,T
82,14,796,1981,175,8/2/1995 00:00:00,1/7/1999 00:00:00,MKT,Greater Brand Recognition,61 ,29383,27914,14930.43,14183.91,50% off next,4 ,481228.6,24626,23395,457167.17,NULL,T
83,34,1067,2187,498,1/7/1996 00:00:00,11/22/1998 00:00:00,CUS,Greater Brand Recognition,34 ,67513,69538,24155.83,24880.5,buy 1 get 1 free,1 ,95263.46,87000,89610,98121.36,NULL,T
84,364,680,2178,217,10/10/1995 00:00:00,5/19/1999 00:00:00,NRC,Increase Market Share,40 ,12477,13101,10331.17,10847.73,50% off next,3 ,484562.74,46396,48716,508790.88,NULL,T
85,272,601,2152,413,5/12/1996 00:00:00,8/10/1998 00:00:00,NRC,Initial Product Launch,4  ,49140,46683,8714.96,8279.21,gift,6 ,408094.25,72951,69303,387689.54,NULL,T
86,135,897,1984,341,5/20/1996 00:00:00,3/26/1999 00:00:00,NRC,Increase Profit Margin,17 ,83449,81363,23172.75,22593.43,rebate,5 ,444320.22,43641,42550,433212.21,NULL,T
87,292,966,1852,36,3/8/1996 00:00:00,4/13/1998 00:00:00,NRC,Greater Brand Recognition,46 ,24384,24628,5327.1,5380.37,sample,8 ,60820.15,79120,79911,61428.35,NULL,T
88,371,813,2085,442,5/19/1995 00:00:00,4/28/1999 00:00:00,TRS,Increase Market Share,58 ,42957,44246,6116.87,6300.38,discount,6 ,264537.95,17495,18020,272474.09,NULL,T
89,60,766,2131,258,4/8/1996 00:00:00,4/10/1998 00:00:00,TRS,Initial Product Launch,11 ,17243,18105,6703.12,7038.28,buy 1 get 1 free,5 ,242502.21,76838,80680,254627.32,NULL,T
90,329,710,1954,384,1/14/1996 00:00:00,5/28/1999 00:00:00,TRS,Increase Profit Margin,56 ,15210,14450,12691.54,12056.96,buy 1 get 1 free,4 ,394859.67,30086,28582,375116.69,NULL,T
91,288,981,2008,184,7/1/1996 00:00:00,4/14/1998 00:00:00,TRS,Greater Brand Recognition,98 ,56995,55570,16441.02,16029.99,buy 1 get 1 free,6 ,33494.01,38708,37740,32656.66,NULL,T
92,399,680,2004,188,6/8/1995 00:00:00,4/21/1999 00:00:00,MKT,Increase Market Share,81 ,63030,63660,12020.21,12140.41,extended warranty,1 ,284078.01,21371,21585,286918.79,NULL,T
93,284,1028,1735,430,3/5/1996 00:00:00,3/14/1998 00:00:00,MKT,Initial Product Launch,79 ,96040,98921,17299.65,17818.64,discount,1 ,349761.9,45245,46602,360254.76,NULL,T
94,368,1029,1907,333,4/25/1995 00:00:00,6/7/1998 00:00:00,MKT,Increase Profit Margin,75 ,39568,41546,4757.83,4995.72,gift,3 ,88363.26,78087,81991,92781.42,NULL,T
95,110,996,2147,459,1/19/1995 00:00:00,3/25/1998 00:00:00,CUS,Increase Profit Margin,64 ,29180,29472,17826.73,18005,50% off next,9 ,212321.92,57358,57932,214445.14,NULL,T
96,470,604,1676,328,8/29/1995 00:00:00,7/4/1998 00:00:00,NRC,Increase Profit Margin,49 ,86858,82515,23972.54,22773.91,gift,1 ,408369.31,27674,26290,387950.84,NULL,T
97,371,955,1900,340,1/23/1995 00:00:00,4/8/1998 00:00:00,NRC,Greater Brand Recognition,22 ,34115,33262,17194.86,16764.99,buy 1 get 1 free,9 ,199100.89,73281,71449,194123.37,NULL,T
98,358,1058,2022,432,11/22/1995 00:00:00,2/13/1999 00:00:00,TRS,Increase Market Share,58 ,75203,75955,21214.04,21426.18,buy 1 get 1 free,1 ,340135.72,98352,99336,343537.08,NULL,T
99,29,1058,2000,84,5/5/1995 00:00:00,8/5/1998 00:00:00,TRS,Initial Product Launch,67 ,11988,12348,5132.94,5286.93,50% off next,10,104584.72,54158,55783,107722.26,NULL,T
100,370,601,2133,418,1/6/1996 00:00:00,10/20/1998 00:00:00,TRS,Increase Profit Margin,96 ,69383,72852,24233.42,25445.09,50% off next,6 ,438522.67,38884,40828,460448.8,NULL,T
101,238,557,2155,79,12/6/1995 00:00:00,7/5/1998 00:00:00,TRS,Greater Brand Recognition,15 ,65639,62357,18227.16,17315.8,rebate,6 ,379101.27,56487,53663,360146.21,NULL,T
102,42,861,1687,420,10/1/1995 00:00:00,10/3/1998 00:00:00,MKT,Increase Market Share,64 ,70298,68541,20733.19,20214.86,gift,9 ,49933.12,32160,31356,48684.79,NULL,T
103,467,1028,2024,83,5/11/1995 00:00:00,3/2/1999 00:00:00,MKT,Initial Product Launch,42 ,37878,38257,1515.1,1530.25,extended warranty,6 ,317245.22,47267,47740,320417.67,NULL,T
104,343,843,1887,404,5/6/1995 00:00:00,3/8/1999 00:00:00,MKT,Increase Profit Margin,17 ,67551,69578,11940.83,12299.05,extended warranty,4 ,147986.34,19492,20077,152425.93,NULL,T
105,495,762,2156,83,10/26/1995 00:00:00,1/25/1998 00:00:00,MKT,Greater Brand Recognition,69 ,60682,63716,19407.73,20378.12,discount,4 ,217844.46,96853,101696,228736.68,NULL,T
106,196,999,1958,148,4/4/1996 00:00:00,1/17/1998 00:00:00,CUS,Increase Market Share,6  ,20044,19042,23956.65,22758.82,gift,10,363300.47,15707,14922,345135.45,NULL,T
107,496,1009,2122,246,3/19/1995 00:00:00,1/5/1998 00:00:00,CUS,Initial Product Launch,34 ,62049,60498,16716.22,16298.31,sample,7 ,198709.1,35376,34492,193741.37,NULL,T
108,293,793,1838,106,9/3/1995 00:00:00,1/18/1999 00:00:00,NRC,Initial Product Launch,37 ,12433,13055,10008.18,10508.59,buy 1 get 1 free,1 ,153205.96,27688,29072,160866.26,NULL,T
109,73,550,1942,483,3/8/1996 00:00:00,6/11/1998 00:00:00,TRS,Initial Product Launch,92 ,83954,84794,11157.64,11269.22,buy 1 get 1 free,3 ,25652.93,70040,70740,25909.46,NULL,T
110,498,854,2001,359,3/3/1995 00:00:00,3/1/1999 00:00:00,TRS,Increase Profit Margin,40 ,38079,39221,1694.35,1745.18,rebate,1 ,304460.76,46088,47471,313594.58,NULL,T
111,52,830,1928,325,4/10/1995 00:00:00,12/14/1998 00:00:00,TRS,Greater Brand Recognition,97 ,59212,62173,22996.59,24146.42,gift,1 ,286281.58,81400,85470,300595.66,NULL,T
112,42,771,1652,263,2/12/1995 00:00:00,1/29/1999 00:00:00,MKT,Increase Market Share,7  ,28106,26701,12501.59,11876.51,discount,1 ,120211.84,12260,11647,114201.25,NULL,T
113,408,620,1945,98,10/13/1995 00:00:00,1/12/1999 00:00:00,MKT,Initial Product Launch,57 ,32418,31608,4625.95,4510.3,50% off next,10,281744.43,20206,19701,274700.82,NULL,T
114,140,1009,2151,401,6/15/1995 00:00:00,2/11/1999 00:00:00,MKT,Increase Profit Margin,61 ,17638,17814,21949.22,22168.71,sample,5 ,37655.11,55207,55759,38031.66,NULL,T
115,23,920,1751,442,7/17/1995 00:00:00,5/24/1998 00:00:00,MKT,Greater Brand Recognition,95 ,95438,98301,16069.94,16552.04,50% off next,8 ,58327.32,94403,97235,60077.14,NULL,T
116,330,746,2184,127,2/15/1996 00:00:00,11/23/1998 00:00:00,CUS,Increase Market Share,61 ,40469,42492,3042.55,3194.68,50% off next,4 ,270785.04,23942,25139,284324.29,NULL,T
117,132,595,2147,442,3/18/1995 00:00:00,3/14/1999 00:00:00,CUS,Initial Product Launch,90 ,78112,74206,7388.37,7018.95,gift,9 ,405296.71,98550,93623,385031.87,NULL,T
118,24,758,1987,100,6/25/1996 00:00:00,1/13/1998 00:00:00,CUS,Increase Profit Margin,83 ,22263,21706,18225.21,17769.58,sample,8 ,383349.65,53683,52341,373765.91,NULL,T
119,368,676,1808,118,2/16/1996 00:00:00,1/9/1998 00:00:00,CUS,Greater Brand Recognition,83 ,82891,83720,24899.29,25148.28,discount,6 ,212191.58,20723,20930,214313.5,NULL,T
120,99,960,1959,389,4/16/1996 00:00:00,4/1/1999 00:00:00,NRC,Increase Market Share,96 ,88753,91416,12345.97,12716.35,gift,1 ,299777.02,17135,17649,308770.33,NULL,T
121,267,571,1809,498,6/29/1996 00:00:00,1/1/1999 00:00:00,TRS,Increase Market Share,26 ,24796,24176,15979.17,15579.69,sample,4 ,407282.74,32715,31897,397100.67,NULL,T
122,335,1050,1914,59,10/18/1995 00:00:00,2/8/1999 00:00:00,MKT,Increase Market Share,60 ,13188,13847,10383.82,10903.01,gift,2 ,253186.12,25441,26713,265845.43,NULL,T
123,90,864,1762,278,5/6/1996 00:00:00,8/13/1998 00:00:00,MKT,Initial Product Launch,38 ,99226,94265,19421.05,18450,rebate,10,212654.29,61552,58474,202021.58,NULL,T
124,370,809,1717,148,1/4/1996 00:00:00,1/19/1999 00:00:00,MKT,Increase Profit Margin,73 ,86077,83925,22443.54,21882.45,sample,6 ,50397.89,55963,54564,49137.94,NULL,T
125,293,572,1720,18,6/15/1996 00:00:00,2/9/1999 00:00:00,MKT,Greater Brand Recognition,97 ,74717,75464,11694.88,11811.83,discount,4 ,168644.41,31682,31999,170330.85,NULL,T
126,113,697,1829,191,5/3/1996 00:00:00,9/27/1998 00:00:00,CUS,Increase Market Share,22 ,96592,99490,17533.6,18059.61,discount,1 ,148218.7,84743,87285,152665.26,NULL,T
127,405,1019,1918,72,1/22/1996 00:00:00,12/16/1998 00:00:00,CUS,Initial Product Launch,82 ,10137,10644,4816.94,5057.79,rebate,5 ,216713.18,18924,19870,227548.84,NULL,T
128,6,600,2171,438,2/12/1995 00:00:00,1/6/1999 00:00:00,CUS,Increase Profit Margin,58 ,53131,50474,16955.7,16107.92,discount,3 ,65763.51,28606,27176,62475.33,NULL,T
129,176,552,1731,1,1/23/1995 00:00:00,3/22/1998 00:00:00,CUS,Greater Brand Recognition,2  ,80980,78956,12652.85,12336.53,sample,8 ,432926.48,49470,48233,422103.32,NULL,T
130,297,796,1880,140,11/22/1995 00:00:00,6/1/1999 00:00:00,NRC,Increase Market Share,87 ,61014,61624,4835.18,4883.53,rebate,7 ,129576.19,20956,21166,130871.95,NULL,T
131,32,814,1668,166,5/19/1996 00:00:00,11/14/1998 00:00:00,NRC,Initial Product Launch,61 ,40826,42051,6897.92,7104.86,50% off next,6 ,306243.01,49354,50835,315430.3,NULL,T
132,119,1056,1701,482,6/22/1995 00:00:00,4/15/1999 00:00:00,NRC,Increase Profit Margin,4  ,46572,48901,15680.95,16465,sample,3 ,492665.11,93829,98520,517298.37,NULL,T
133,99,820,2097,289,1/22/1995 00:00:00,6/7/1999 00:00:00,NRC,Greater Brand Recognition,75 ,72660,69027,1987.52,1888.14,extended warranty,8 ,420648.65,12252,11639,399616.22,NULL,T
134,291,964,1958,411,8/23/1995 00:00:00,12/8/1998 00:00:00,TRS,Greater Brand Recognition,73 ,90266,92974,15032.42,15483.39,buy 1 get 1 free,5 ,70619.73,37543,38669,72738.32,NULL,T
135,309,663,2169,494,1/2/1996 00:00:00,4/3/1999 00:00:00,MKT,Increase Profit Margin,53 ,41073,39019,24568.45,23340.03,discount,7 ,428200.31,63535,60358,406790.29,NULL,T
136,244,575,1992,370,3/31/1995 00:00:00,3/4/1998 00:00:00,MKT,Greater Brand Recognition,48 ,24126,23523,9731.75,9488.46,extended warranty,5 ,385378.04,77969,76020,375743.59,NULL,T
137,300,1013,1712,145,1/23/1995 00:00:00,4/7/1998 00:00:00,CUS,Increase Market Share,5  ,52395,52919,13968.28,14107.96,rebate,1 ,257434.7,70929,71638,260009.05,NULL,T
138,460,886,1759,261,4/18/1996 00:00:00,2/8/1998 00:00:00,CUS,Initial Product Launch,81 ,77519,79845,14669.65,15109.74,sample,9 ,401889.66,79046,81417,413946.35,NULL,T
139,495,736,1922,113,6/7/1995 00:00:00,3/13/1998 00:00:00,CUS,Increase Profit Margin,5  ,63450,66623,24258.47,25471.39,buy 1 get 1 free,7 ,362285.2,75711,79497,380399.46,NULL,T
140,332,838,2007,472,9/28/1995 00:00:00,1/14/1998 00:00:00,CUS,Greater Brand Recognition,14 ,55350,52583,3040.73,2888.69,gift,3 ,373969.35,73517,69841,355270.88,NULL,T
141,377,754,1811,38,1/21/1995 00:00:00,8/10/1998 00:00:00,NRC,Increase Market Share,99 ,30336,29578,15666.56,15274.9,gift,1 ,207711.18,29251,28520,202518.4,NULL,T
142,169,751,2005,430,5/14/1996 00:00:00,5/17/1999 00:00:00,NRC,Initial Product Launch,100,94205,95147,6821.18,6889.39,rebate,2 ,386146.95,19657,19854,390008.42,NULL,T
143,174,796,1940,412,3/26/1996 00:00:00,3/30/1998 00:00:00,NRC,Increase Profit Margin,67 ,55919,57597,18323.53,18873.24,sample,5 ,393221.67,16951,17460,405018.32,NULL,T
144,160,1077,2020,287,8/17/1995 00:00:00,8/7/1998 00:00:00,NRC,Greater Brand Recognition,68 ,26320,27636,1946.45,2043.77,rebate,5 ,125589.49,48346,50763,131868.96,NULL,T
145,265,742,1713,241,5/7/1996 00:00:00,2/21/1998 00:00:00,TRS,Increase Market Share,98 ,22480,21356,24781.76,23542.67,gift,6 ,393337.39,54383,51664,373670.52,NULL,T
146,258,901,2140,289,5/9/1996 00:00:00,6/9/1999 00:00:00,TRS,Initial Product Launch,46 ,10167,9913,4920.09,4797.09,gift,10,148827.99,98262,95805,145107.29,NULL,T
147,384,910,2032,397,11/7/1995 00:00:00,6/27/1999 00:00:00,TRS,Increase Profit Margin,98 ,88236,89118,18580.68,18766.49,buy 1 get 1 free,3 ,230253.11,71015,71725,232555.64,NULL,T
148,283,685,2159,135,4/10/1995 00:00:00,12/31/1998 00:00:00,MKT,Initial Product Launch,46 ,85072,89326,23736.04,24922.84,gift,9 ,499653.83,98808,103748,524636.52,NULL,T
149,24,617,2126,389,3/27/1995 00:00:00,12/28/1998 00:00:00,CUS,Initial Product Launch,14 ,99039,100029,20914.88,21124.03,rebate,10,56935.91,28655,28942,57505.27,NULL,T
150,332,650,1845,276,1/17/1995 00:00:00,2/18/1999 00:00:00,CUS,Increase Profit Margin,70 ,92796,95580,4108.54,4231.8,rebate,6 ,172210.34,40556,41773,177376.65,NULL,T
151,378,747,2055,321,5/22/1996 00:00:00,1/7/1998 00:00:00,CUS,Greater Brand Recognition,94 ,58817,61758,7610.64,7991.17,discount,10,198289.93,77695,81580,208204.43,NULL,T
152,213,765,2076,340,6/28/1996 00:00:00,9/7/1998 00:00:00,NRC,Increase Market Share,37 ,87434,83062,24557.94,23330.04,gift,10,279019.02,84603,80373,265068.07,NULL,T
153,453,913,1886,223,7/21/1995 00:00:00,3/24/1999 00:00:00,NRC,Initial Product Launch,81 ,32792,31972,9766.84,9522.67,50% off next,1 ,124343.03,83460,81374,121234.45,NULL,T
154,297,903,2133,160,7/27/1995 00:00:00,6/17/1999 00:00:00,NRC,Increase Profit Margin,45 ,55814,56372,16915.17,17084.32,50% off next,8 ,140941.96,18558,18744,142351.38,NULL,T
155,16,950,2035,65,3/1/1996 00:00:00,4/13/1998 00:00:00,NRC,Greater Brand Recognition,89 ,74085,76308,3481.01,3585.44,rebate,3 ,314390.39,66853,68859,323822.1,NULL,T
156,270,797,2160,498,4/15/1995 00:00:00,8/10/1998 00:00:00,TRS,Increase Market Share,38 ,50813,53354,3092.18,3246.79,buy 1 get 1 free,1 ,493796.32,15523,16299,518486.14,NULL,T
157,450,1035,1914,307,12/24/1995 00:00:00,8/20/1998 00:00:00,TRS,Initial Product Launch,86 ,83941,79744,9369.83,8901.34,rebate,5 ,102294.27,46682,44348,97179.56,NULL,T
158,190,816,1858,328,6/18/1996 00:00:00,10/27/1998 00:00:00,TRS,Increase Profit Margin,31 ,29059,28333,16622.23,16206.67,extended warranty,4 ,239183.22,59327,57844,233203.64,NULL,T
159,155,935,2073,261,12/27/1995 00:00:00,12/5/1998 00:00:00,TRS,Greater Brand Recognition,18 ,62464,63089,3048.72,3079.21,extended warranty,1 ,89436.26,85446,86300,90330.62,NULL,T
160,151,566,2082,181,5/31/1995 00:00:00,1/29/1998 00:00:00,MKT,Increase Market Share,62 ,41287,42526,11794.48,12148.31,gift,3 ,44772.89,66038,68019,46116.08,NULL,T
161,52,826,2021,187,6/19/1996 00:00:00,4/10/1999 00:00:00,CUS,Increase Market Share,87 ,34324,33466,5505.71,5368.07,discount,10,326784.68,64332,62724,318615.06,NULL,T
162,446,738,1872,305,4/18/1996 00:00:00,1/20/1998 00:00:00,NRC,Increase Market Share,89 ,53881,56575,14088.79,14793.23,gift,5 ,371273.92,42040,44142,389837.62,NULL,T
163,262,1083,2104,424,5/5/1995 00:00:00,2/25/1999 00:00:00,NRC,Initial Product Launch,47 ,33399,31729,23265.89,22102.6,50% off next,1 ,474139.72,75011,71260,450432.73,NULL,T
164,36,684,1949,9,1/11/1996 00:00:00,11/13/1998 00:00:00,NRC,Increase Profit Margin,22 ,26021,25370,12450.76,12139.49,sample,9 ,398570.96,58064,56612,388606.69,NULL,T
165,472,905,1995,240,6/25/1995 00:00:00,5/17/1999 00:00:00,NRC,Greater Brand Recognition,55 ,23854,24093,24174.64,24416.39,gift,7 ,322232.8,12301,12424,325455.13,NULL,T
166,265,611,2160,154,6/30/1995 00:00:00,10/13/1998 00:00:00,TRS,Increase Market Share,100,45413,46775,22501.25,23176.29,rebate,6 ,44077.64,27938,28776,45399.97,NULL,T
167,378,762,1705,382,9/2/1995 00:00:00,3/24/1999 00:00:00,TRS,Initial Product Launch,88 ,91093,95648,9241.19,9703.25,50% off next,3 ,483823.03,83498,87673,508014.18,NULL,T
168,385,743,1981,361,2/23/1996 00:00:00,9/15/1998 00:00:00,TRS,Increase Profit Margin,12 ,43303,41138,24792.89,23553.25,gift,1 ,437057.09,74289,70575,415204.24,NULL,T
169,44,782,2189,297,7/18/1995 00:00:00,3/22/1999 00:00:00,TRS,Greater Brand Recognition,58 ,56833,55412,11179.64,10900.15,buy 1 get 1 free,6 ,326161.04,48302,47094,318007.01,NULL,T
170,334,876,1977,348,2/29/1996 00:00:00,1/27/1998 00:00:00,MKT,Increase Market Share,1  ,78384,79168,15512.99,15668.12,discount,1 ,175442.29,70196,70898,177196.71,NULL,T
171,103,1044,1844,451,7/19/1995 00:00:00,9/25/1998 00:00:00,MKT,Initial Product Launch,2  ,80197,82603,19458.59,20042.35,gift,4 ,112006.14,35742,36814,115366.32,NULL,T
172,210,549,1694,124,4/2/1996 00:00:00,11/10/1998 00:00:00,MKT,Increase Profit Margin,1  ,44067,46270,17953.28,18850.94,extended warranty,2 ,233848.43,31979,33578,245540.85,NULL,T
173,127,935,1811,414,1/7/1995 00:00:00,7/31/1998 00:00:00,MKT,Greater Brand Recognition,48 ,20085,19081,1299.34,1234.37,extended warranty,8 ,275206.22,73638,69956,261445.91,NULL,T
174,88,1091,2097,366,12/28/1995 00:00:00,5/19/1999 00:00:00,CUS,Greater Brand Recognition,78 ,79683,82073,24831.91,25576.87,buy 1 get 1 free,4 ,199637.18,97636,100565,205626.3,NULL,T
175,233,803,2132,380,9/12/1995 00:00:00,4/28/1998 00:00:00,NRC,Greater Brand Recognition,32 ,88712,86494,7776.05,7581.65,sample,6 ,253375.37,34723,33855,247040.99,NULL,T
176,106,774,2117,454,9/17/1995 00:00:00,10/23/1998 00:00:00,TRS,Increase Market Share,92 ,86223,87085,9697.89,9794.87,sample,2 ,191577.02,24307,24550,193492.79,NULL,T
177,200,583,1777,456,12/24/1995 00:00:00,9/20/1998 00:00:00,TRS,Initial Product Launch,49 ,86218,88805,14074.36,14496.59,rebate,9 ,69895.01,63478,65382,71991.86,NULL,T
178,55,1054,1651,431,6/21/1996 00:00:00,2/5/1998 00:00:00,TRS,Increase Profit Margin,93 ,68504,71929,18290.32,19204.84,gift,10,359154.29,38008,39908,377112,NULL,T
179,121,947,2101,499,4/10/1996 00:00:00,8/16/1998 00:00:00,TRS,Greater Brand Recognition,91 ,28015,26614,21978.5,20879.58,discount,10,449713.92,98245,93333,427228.22,NULL,T
180,150,810,1697,436,12/27/1995 00:00:00,12/10/1998 00:00:00,MKT,Increase Market Share,78 ,51972,50673,24672.27,24055.46,sample,9 ,332032.67,17130,16702,323731.85,NULL,T
181,81,901,1728,338,5/7/1995 00:00:00,7/6/1998 00:00:00,MKT,Initial Product Launch,2  ,24532,24777,23518.51,23753.7,extended warranty,2 ,458077.81,78656,79443,462658.59,NULL,T
182,116,624,1733,373,1/29/1995 00:00:00,4/29/1998 00:00:00,MKT,Increase Profit Margin,77 ,30965,31894,21712.65,22364.03,sample,5 ,497957.9,18888,19455,512896.64,NULL,T
183,65,608,1725,486,10/1/1995 00:00:00,1/13/1998 00:00:00,MKT,Greater Brand Recognition,39 ,66057,69360,4193.06,4402.71,extended warranty,8 ,144159.32,36436,38258,151367.29,NULL,T
184,249,1045,1838,217,12/8/1995 00:00:00,2/4/1998 00:00:00,CUS,Increase Market Share,65 ,82501,78376,2909.33,2763.86,rebate,7 ,323058.73,97037,92185,306905.79,NULL,T
185,471,598,1753,154,5/28/1995 00:00:00,3/11/1998 00:00:00,CUS,Initial Product Launch,79 ,89124,86896,24814.9,24194.53,discount,6 ,464745.84,40958,39934,453127.19,NULL,T
186,66,807,1809,399,6/3/1995 00:00:00,5/1/1999 00:00:00,CUS,Increase Profit Margin,96 ,19896,20095,21224.36,21436.6,extended warranty,8 ,288383.56,71924,72643,291267.4,NULL,T
187,134,1023,2149,298,4/2/1996 00:00:00,9/5/1998 00:00:00,NRC,Increase Profit Margin,26 ,86407,82087,24913.86,23668.17,50% off next,4 ,382421.77,24046,22844,363300.68,NULL,T
188,217,733,1671,18,8/17/1995 00:00:00,10/28/1998 00:00:00,TRS,Increase Profit Margin,66 ,78227,80574,17558.47,18085.22,discount,6 ,217076.17,12691,13072,223588.46,NULL,T
189,374,972,1829,471,4/18/1996 00:00:00,2/23/1999 00:00:00,TRS,Greater Brand Recognition,95 ,40513,42539,15418.97,16189.92,50% off next,5 ,348876.43,92568,97196,366320.25,NULL,T
190,99,924,1691,289,4/5/1996 00:00:00,4/2/1999 00:00:00,MKT,Increase Market Share,68 ,42298,40183,1766.26,1677.95,extended warranty,10,454642.84,30383,28864,431910.7,NULL,T
191,217,844,1976,309,6/27/1996 00:00:00,5/11/1998 00:00:00,MKT,Initial Product Launch,25 ,33986,33136,10893.82,10621.47,rebate,2 ,219540.72,72608,70793,214052.2,NULL,T
192,174,740,2112,38,12/30/1995 00:00:00,11/10/1998 00:00:00,MKT,Increase Profit Margin,67 ,83405,84239,15445.16,15599.61,rebate,7 ,240618.08,16641,16807,243024.26,NULL,T
193,115,581,1733,402,3/18/1995 00:00:00,2/26/1998 00:00:00,MKT,Greater Brand Recognition,15 ,58803,60567,5877.14,6053.45,rebate,8 ,147088.62,37725,38857,151501.28,NULL,T
194,303,588,1944,152,3/24/1995 00:00:00,7/20/1998 00:00:00,CUS,Increase Market Share,22 ,71987,75586,17553.5,18431.18,discount,8 ,273336.61,72627,76258,287003.44,NULL,T
195,383,978,1832,132,12/25/1995 00:00:00,9/13/1998 00:00:00,CUS,Initial Product Launch,54 ,44094,41889,11928.91,11332.46,rebate,5 ,404180.22,48860,46417,383971.21,NULL,T
196,273,1078,2104,87,1/14/1996 00:00:00,9/8/1998 00:00:00,CUS,Increase Profit Margin,85 ,23906,23308,4044.4,3943.29,gift,5 ,368983.69,93062,90735,359759.1,NULL,T
197,28,793,1862,16,3/18/1995 00:00:00,3/11/1998 00:00:00,CUS,Greater Brand Recognition,77 ,97990,98970,7090.67,7161.58,buy 1 get 1 free,5 ,386973.79,96021,96981,390843.53,NULL,T
198,293,633,2081,3,3/5/1996 00:00:00,8/14/1998 00:00:00,NRC,Increase Market Share,84 ,33399,34401,20702.83,21323.91,extended warranty,8 ,142086.48,30278,31186,146349.07,NULL,T
199,165,855,1715,24,1/20/1995 00:00:00,2/11/1999 00:00:00,NRC,Initial Product Launch,73 ,15660,16443,5395.47,5665.24,discount,3 ,344962.48,24203,25413,362210.6,NULL,T
200,62,929,2009,131,4/28/1995 00:00:00,2/18/1998 00:00:00,TRS,Initial Product Launch,7  ,88929,89818,1200.59,1212.6,extended warranty,10,150393.11,34231,34573,151897.04,NULL,T
201,51,690,1803,330,5/13/1996 00:00:00,5/1/1999 00:00:00,MKT,Initial Product Launch,48 ,96663,91830,1609.93,1529.43,sample,2 ,160874.58,97680,92796,152830.85,NULL,T
202,444,1064,1660,192,11/27/1995 00:00:00,11/9/1998 00:00:00,MKT,Increase Profit Margin,41 ,79980,77981,14235.94,13880.04,extended warranty,3 ,93480.13,53655,52314,91143.13,NULL,T
203,330,924,2180,23,11/27/1995 00:00:00,8/23/1998 00:00:00,MKT,Greater Brand Recognition,34 ,24634,24880,2487.72,2512.6,gift,9 ,346963.03,78725,79512,350432.66,NULL,T
204,473,839,2153,240,3/12/1995 00:00:00,5/16/1999 00:00:00,CUS,Increase Market Share,89 ,84042,86563,16421.14,16913.77,extended warranty,6 ,86884.78,47442,48865,89491.32,NULL,T
205,111,913,1974,342,3/27/1995 00:00:00,2/7/1998 00:00:00,CUS,Initial Product Launch,13 ,88420,92841,15116.22,15872.03,gift,2 ,484533.21,71232,74794,508759.87,NULL,T
206,364,806,1872,391,2/1/1996 00:00:00,12/8/1998 00:00:00,CUS,Increase Profit Margin,56 ,55630,52849,11755.79,11168,gift,4 ,184474.83,82949,78802,175251.09,NULL,T
207,124,1062,2020,334,11/8/1995 00:00:00,1/27/1999 00:00:00,CUS,Greater Brand Recognition,87 ,51763,50469,19703.89,19211.29,sample,3 ,68749.93,18833,18362,67031.18,NULL,T
208,367,1073,2049,133,2/7/1996 00:00:00,3/22/1999 00:00:00,NRC,Increase Market Share,60 ,63082,63713,17697.67,17874.65,rebate,9 ,125821.71,12982,13112,127079.93,NULL,T
209,489,1072,1670,192,11/10/1995 00:00:00,7/2/1998 00:00:00,NRC,Initial Product Launch,73 ,58300,60049,23788.03,24501.67,discount,7 ,461875.25,32833,33818,475731.51,NULL,T
210,341,622,1916,235,9/6/1995 00:00:00,5/1/1999 00:00:00,NRC,Increase Profit Margin,89 ,58179,61088,24267.25,25480.61,buy 1 get 1 free,10,59428.75,15498,16273,62400.19,NULL,T
211,474,786,1751,67,9/18/1995 00:00:00,4/29/1999 00:00:00,NRC,Greater Brand Recognition,45 ,43166,41008,7215.26,6854.5,gift,8 ,90552.49,95872,91078,86024.87,NULL,T
212,339,1018,1701,316,11/28/1995 00:00:00,7/16/1998 00:00:00,TRS,Increase Market Share,37 ,48744,47525,13487.82,13150.62,sample,10,392336.79,39436,38450,382528.37,NULL,T
213,231,829,1726,36,12/27/1995 00:00:00,9/20/1998 00:00:00,MKT,Increase Market Share,87 ,23615,24796,15654.64,16437.37,sample,8 ,83550.11,29048,30500,87727.62,NULL,T
214,172,778,1919,368,12/8/1995 00:00:00,2/22/1998 00:00:00,CUS,Increase Market Share,5  ,57369,57943,21104.31,21315.35,buy 1 get 1 free,1 ,327074.6,61832,62450,330345.35,NULL,T
215,340,554,2192,310,12/18/1995 00:00:00,4/14/1999 00:00:00,CUS,Initial Product Launch,37 ,80963,83392,9529.33,9815.21,50% off next,6 ,354907.06,89140,91814,365554.27,NULL,T
216,403,1074,1911,122,2/27/1996 00:00:00,7/30/1998 00:00:00,CUS,Increase Profit Margin,15 ,28781,30220,21269.96,22333.46,buy 1 get 1 free,9 ,389452.5,87528,91904,408925.13,NULL,T
217,217,806,1789,97,10/14/1995 00:00:00,11/17/1998 00:00:00,CUS,Greater Brand Recognition,5  ,73275,69611,15902.6,15107.47,sample,4 ,287484.79,31611,30030,273110.55,NULL,T
218,482,674,1845,330,1/10/1996 00:00:00,1/23/1998 00:00:00,NRC,Increase Market Share,23 ,34643,33777,14232.46,13876.65,rebate,9 ,130388.24,70007,68257,127128.53,NULL,T
219,375,887,1865,336,9/22/1995 00:00:00,4/28/1999 00:00:00,NRC,Initial Product Launch,15 ,95364,96318,6612.44,6678.56,gift,7 ,99830.14,60835,61443,100828.44,NULL,T
220,233,994,1662,209,3/20/1996 00:00:00,12/1/1998 00:00:00,NRC,Increase Profit Margin,11 ,15150,15605,5460.58,5624.4,50% off next,2 ,443929.65,83073,85565,457247.54,NULL,T
221,395,1075,1771,456,2/20/1995 00:00:00,1/7/1998 00:00:00,NRC,Greater Brand Recognition,90 ,89404,93874,7589.8,7969.29,discount,6 ,229354.92,25488,26762,240822.67,NULL,T
222,12,832,2113,143,12/21/1995 00:00:00,6/14/1998 00:00:00,TRS,Increase Market Share,38 ,65304,62039,15783.06,14993.91,sample,6 ,133026.11,41510,39435,126374.8,NULL,T
223,162,862,1690,234,6/6/1995 00:00:00,3/8/1999 00:00:00,TRS,Initial Product Launch,51 ,50112,48859,2752.28,2683.47,sample,7 ,312665.96,22448,21887,304849.31,NULL,T
224,132,738,1728,448,2/8/1996 00:00:00,1/2/1999 00:00:00,TRS,Increase Profit Margin,22 ,93329,94262,19267.3,19459.97,sample,7 ,245634.87,31899,32218,248091.22,NULL,T
225,178,941,1960,499,4/29/1995 00:00:00,9/7/1998 00:00:00,TRS,Greater Brand Recognition,39 ,54941,56589,7901.16,8138.19,discount,3 ,191722.26,80002,82402,197473.93,NULL,T
226,325,587,1904,315,7/11/1995 00:00:00,12/27/1998 00:00:00,MKT,Greater Brand Recognition,31 ,85674,83532,13832.98,13487.16,buy 1 get 1 free,4 ,299299.6,56770,55351,291817.11,NULL,T
227,132,808,2012,363,11/13/1995 00:00:00,11/17/1998 00:00:00,CUS,Greater Brand Recognition,41 ,95279,100043,19844.91,20837.16,discount,7 ,78853.25,35681,37465,82795.91,NULL,T
228,469,1045,1785,480,1/19/1996 00:00:00,3/1/1998 00:00:00,NRC,Increase Market Share,11 ,65692,62407,10325.46,9809.19,50% off next,10,484142.4,48635,46203,459935.28,NULL,T
229,346,837,2038,165,5/7/1996 00:00:00,11/21/1998 00:00:00,NRC,Initial Product Launch,35 ,62486,60924,21592.17,21052.37,rebate,9 ,468210.03,72539,70726,456504.78,NULL,T
230,14,1053,2003,101,6/8/1996 00:00:00,8/18/1998 00:00:00,NRC,Increase Profit Margin,21 ,24977,25227,15431.03,15585.34,buy 1 get 1 free,1 ,94480.73,60322,60925,95425.54,NULL,T
231,287,669,1775,341,3/20/1995 00:00:00,3/2/1998 00:00:00,NRC,Greater Brand Recognition,46 ,13529,13935,13165.8,13560.77,buy 1 get 1 free,3 ,112557.48,27567,28394,115934.2,NULL,T
232,486,624,1770,137,11/25/1995 00:00:00,2/5/1999 00:00:00,TRS,Increase Market Share,36 ,86286,90600,6606.64,6936.97,buy 1 get 1 free,6 ,177849.05,33344,35011,186741.5,NULL,T
233,312,611,2055,378,4/8/1996 00:00:00,6/16/1998 00:00:00,TRS,Initial Product Launch,33 ,88168,83760,24658.08,23425.18,buy 1 get 1 free,5 ,401121.6,90151,85643,381065.52,NULL,T
234,115,781,2107,219,11/21/1995 00:00:00,7/3/1998 00:00:00,TRS,Increase Profit Margin,19 ,13197,12867,23325.35,22742.22,gift,10,49643.57,21780,21236,48402.48,NULL,T
235,359,727,1795,120,8/11/1995 00:00:00,9/20/1998 00:00:00,TRS,Greater Brand Recognition,99 ,74283,75026,19246.73,19439.2,buy 1 get 1 free,9 ,484953,86951,87821,489802.53,NULL,T
236,454,903,2055,399,6/25/1996 00:00:00,2/26/1999 00:00:00,MKT,Increase Market Share,47 ,55430,57093,4544.43,4680.76,50% off next,7 ,81042.41,99042,102013,83473.68,NULL,T
237,221,927,2013,390,5/16/1996 00:00:00,3/10/1999 00:00:00,MKT,Initial Product Launch,60 ,39112,41068,3739.73,3926.72,buy 1 get 1 free,10,338685.55,75220,78981,355619.83,NULL,T
238,214,1048,2117,491,10/9/1995 00:00:00,5/7/1999 00:00:00,MKT,Increase Profit Margin,19 ,67521,64145,23647.36,22464.99,discount,3 ,221555.15,25623,24342,210477.39,NULL,T
239,411,929,2009,162,6/4/1995 00:00:00,4/26/1998 00:00:00,CUS,Increase Profit Margin,12 ,11238,11575,2232.23,2299.2,discount,9 ,444509.77,50969,52498,457845.06,NULL,T
240,338,1024,2180,97,4/4/1996 00:00:00,3/13/1999 00:00:00,NRC,Increase Profit Margin,41 ,70410,68650,12096.87,11794.45,discount,9 ,160903.89,24966,24342,156881.29,NULL,T
241,97,973,1999,215,4/10/1995 00:00:00,5/2/1998 00:00:00,NRC,Greater Brand Recognition,90 ,51837,52355,14386.1,14529.96,discount,1 ,189562.61,16583,16749,191458.24,NULL,T
242,246,699,1849,108,12/28/1995 00:00:00,1/16/1999 00:00:00,TRS,Increase Market Share,78 ,71399,73541,11089.21,11421.89,discount,5 ,490346.73,63637,65546,505057.13,NULL,T
243,1,816,1693,25,7/2/1995 00:00:00,2/12/1998 00:00:00,TRS,Initial Product Launch,80 ,95268,100031,13639.07,14321.02,discount,7 ,101497.02,30932,32479,106571.87,NULL,T
244,351,1044,2112,300,2/20/1996 00:00:00,5/9/1998 00:00:00,TRS,Increase Profit Margin,40 ,77013,73162,11871.38,11277.81,extended warranty,6 ,325943.51,82336,78219,309646.33,NULL,T
245,256,877,1889,176,5/15/1995 00:00:00,6/28/1998 00:00:00,TRS,Greater Brand Recognition,71 ,20127,19624,15695.09,15302.71,discount,9 ,233181.71,83740,81647,227352.17,NULL,T
246,350,717,1839,8,7/22/1995 00:00:00,5/22/1999 00:00:00,MKT,Increase Market Share,26 ,23747,23984,19013.58,19203.72,discount,2 ,78302.51,54345,54888,79085.54,NULL,T
247,23,861,2045,61,5/14/1995 00:00:00,8/3/1998 00:00:00,MKT,Initial Product Launch,71 ,32613,33591,4400.75,4532.77,extended warranty,6 ,161091.9,94109,96932,165924.66,NULL,T
248,313,595,2168,493,4/27/1996 00:00:00,12/1/1998 00:00:00,MKT,Increase Profit Margin,29 ,92332,96949,18733.53,19670.21,rebate,9 ,145000.34,66785,70124,152250.36,NULL,T
249,335,1032,1866,414,5/12/1995 00:00:00,8/24/1998 00:00:00,MKT,Greater Brand Recognition,33 ,66084,62780,2390.28,2270.77,50% off next,6 ,61501.29,91563,86985,58426.23,NULL,T
250,286,892,2060,378,7/9/1995 00:00:00,4/1/1998 00:00:00,CUS,Increase Market Share,80 ,69353,67619,14804.9,14434.78,buy 1 get 1 free,5 ,133099.41,61393,59858,129771.92,NULL,T
251,150,840,2149,128,12/1/1995 00:00:00,8/5/1998 00:00:00,CUS,Initial Product Launch,28 ,31226,31538,23622.09,23858.31,sample,9 ,188576.7,12117,12238,190462.47,NULL,T
252,368,1000,2104,254,2/2/1995 00:00:00,1/3/1999 00:00:00,NRC,Initial Product Launch,48 ,43136,40979,2993.32,2843.65,discount,6 ,494956.24,92920,88274,470208.43,NULL,T
253,458,680,1824,47,5/23/1995 00:00:00,8/2/1998 00:00:00,TRS,Initial Product Launch,9  ,63604,65512,16219.82,16706.41,gift,10,425286.85,56237,57924,438045.46,NULL,T
254,205,599,1780,454,5/19/1995 00:00:00,9/14/1998 00:00:00,TRS,Increase Profit Margin,58 ,64980,68229,24285.01,25499.26,extended warranty,2 ,310142.18,48662,51095,325649.29,NULL,T
255,283,768,1649,383,9/26/1995 00:00:00,3/10/1998 00:00:00,TRS,Greater Brand Recognition,79 ,58937,55990,20912.4,19866.78,extended warranty,8 ,323479.58,40875,38831,307305.6,NULL,T
256,487,746,1959,212,3/16/1995 00:00:00,3/22/1999 00:00:00,MKT,Increase Market Share,27 ,12329,12021,8991.63,8766.84,discount,4 ,197288.04,78260,76304,192355.84,NULL,T
257,481,605,1967,60,1/28/1995 00:00:00,4/10/1998 00:00:00,MKT,Initial Product Launch,28 ,19388,19582,8760.24,8847.84,sample,3 ,347093.63,16973,17143,350564.57,NULL,T
258,422,677,1902,469,3/21/1995 00:00:00,3/2/1999 00:00:00,MKT,Increase Profit Margin,78 ,31424,32367,19030.06,19600.96,gift,7 ,461150.09,21148,21782,474984.59,NULL,T
259,280,1090,1661,189,4/6/1995 00:00:00,9/20/1998 00:00:00,MKT,Greater Brand Recognition,70 ,88335,92752,8317.24,8733.1,extended warranty,4 ,252302.45,41408,43478,264917.57,NULL,T
260,482,1045,2076,380,2/22/1996 00:00:00,4/19/1999 00:00:00,CUS,Increase Market Share,63 ,77329,73463,17333.23,16466.57,50% off next,9 ,367055.66,88225,83814,348702.88,NULL,T
261,79,553,2050,16,4/5/1996 00:00:00,1/19/1998 00:00:00,CUS,Initial Product Launch,18 ,65615,63975,10138.81,9885.34,rebate,8 ,267378.41,94408,92048,260693.95,NULL,T
262,188,742,2101,275,5/1/1996 00:00:00,1/2/1999 00:00:00,CUS,Increase Profit Margin,4  ,56287,56850,16034.46,16194.8,buy 1 get 1 free,6 ,338106.37,96921,97890,341487.43,NULL,T
263,238,783,1669,27,5/31/1996 00:00:00,12/15/1998 00:00:00,CUS,Greater Brand Recognition,27 ,87267,89885,21606.23,22254.42,gift,1 ,331350.46,84438,86971,341290.97,NULL,T
264,490,830,1950,36,2/11/1995 00:00:00,4/15/1999 00:00:00,NRC,Increase Market Share,56 ,60951,63999,23855.73,25048.52,discount,8 ,432796.35,24854,26097,454436.17,NULL,T
265,219,775,1974,292,7/9/1995 00:00:00,10/19/1998 00:00:00,TRS,Increase Market Share,76 ,90914,91823,20473.63,20678.37,buy 1 get 1 free,1 ,55268.51,58207,58789,55821.2,NULL,T
266,231,793,1793,392,10/22/1995 00:00:00,11/5/1998 00:00:00,MKT,Increase Market Share,37 ,43946,41749,18771.33,17832.76,gift,7 ,397598.64,14644,13912,377718.71,NULL,T
267,403,870,1720,311,1/22/1995 00:00:00,4/7/1999 00:00:00,MKT,Initial Product Launch,26 ,38873,37901,7030.33,6854.57,discount,9 ,135969.07,76489,74577,132569.84,NULL,T
268,387,658,1779,212,4/8/1996 00:00:00,2/15/1998 00:00:00,MKT,Increase Profit Margin,4  ,53804,54342,19558.59,19754.18,gift,8 ,291253.09,83784,84622,294165.62,NULL,T
269,329,597,2047,299,1/22/1996 00:00:00,3/3/1999 00:00:00,MKT,Greater Brand Recognition,83 ,89439,92122,20434.92,21047.97,gift,8 ,211031.54,99492,102477,217362.49,NULL,T
270,20,552,1869,61,5/3/1995 00:00:00,1/23/1998 00:00:00,CUS,Increase Market Share,94 ,19819,20810,16111.62,16917.2,50% off next,6 ,110629.08,22187,23296,116160.53,NULL,T
271,187,1048,1886,390,6/30/1996 00:00:00,1/10/1998 00:00:00,CUS,Initial Product Launch,85 ,33668,31985,5124.41,4868.19,sample,1 ,91001.35,91200,86640,86451.28,NULL,T
272,117,633,1794,424,10/14/1995 00:00:00,1/26/1998 00:00:00,CUS,Increase Profit Margin,20 ,33871,33024,2788.65,2718.93,sample,8 ,408500.8,89747,87503,398288.28,NULL,T
273,10,813,2051,393,2/9/1995 00:00:00,4/16/1999 00:00:00,CUS,Greater Brand Recognition,33 ,21720,21937,16189.34,16351.23,rebate,8 ,45425.53,79560,80356,45879.79,NULL,T
274,346,710,1706,322,9/12/1995 00:00:00,11/14/1998 00:00:00,NRC,Increase Market Share,46 ,83531,86037,21557.72,22204.45,buy 1 get 1 free,3 ,336279.23,44594,45932,346367.61,NULL,T
275,409,787,1956,104,5/31/1996 00:00:00,8/28/1998 00:00:00,NRC,Initial Product Launch,59 ,54861,57604,6629.83,6961.32,extended warranty,5 ,211205.09,83847,88039,221765.34,NULL,T
276,118,859,1773,4,8/25/1995 00:00:00,10/23/1998 00:00:00,NRC,Increase Profit Margin,47 ,60555,57527,11358.17,10790.26,sample,4 ,405977.78,40144,38137,385678.89,NULL,T
277,485,662,2029,335,3/1/1995 00:00:00,2/3/1998 00:00:00,NRC,Greater Brand Recognition,4  ,47030,45854,2863.4,2791.82,gift,3 ,75708.02,33745,32901,73815.32,NULL,T
278,490,592,1871,393,9/7/1995 00:00:00,2/25/1999 00:00:00,TRS,Greater Brand Recognition,91 ,28276,29690,10980.82,11529.86,sample,2 ,259651.52,75288,79052,272634.1,NULL,T
279,457,734,2003,263,1/5/1996 00:00:00,12/21/1998 00:00:00,MKT,Greater Brand Recognition,45 ,57221,57793,15237.91,15390.29,extended warranty,5 ,432071.71,40095,40496,436392.43,NULL,T
280,69,985,1809,1,2/19/1995 00:00:00,6/4/1998 00:00:00,CUS,Increase Market Share,78 ,97792,100726,17170.14,17685.24,sample,5 ,287151.72,42136,43400,295766.27,NULL,T
281,116,559,1776,417,5/23/1995 00:00:00,12/3/1998 00:00:00,CUS,Initial Product Launch,65 ,14326,15042,22924.49,24070.71,extended warranty,7 ,336511.3,34893,36638,353336.87,NULL,T
282,484,1088,2081,80,11/3/1995 00:00:00,6/18/1999 00:00:00,CUS,Increase Profit Margin,22 ,91854,87261,24350.62,23133.09,50% off next,7 ,215525.52,95782,90993,204749.24,NULL,T
283,90,599,2174,225,6/16/1995 00:00:00,1/13/1999 00:00:00,CUS,Greater Brand Recognition,78 ,20360,19851,18513.53,18050.69,50% off next,2 ,193041.1,97290,94858,188215.07,NULL,T
284,293,724,1967,354,6/28/1996 00:00:00,12/24/1998 00:00:00,NRC,Increase Market Share,86 ,96169,97131,18030.86,18211.17,discount,10,65575.26,44970,45420,66231.01,NULL,T
285,6,929,1805,204,5/1/1996 00:00:00,9/7/1998 00:00:00,NRC,Initial Product Launch,79 ,15537,16003,8863.56,9129.47,extended warranty,5 ,335496.58,90332,93042,345561.48,NULL,T
286,336,861,1867,57,4/16/1996 00:00:00,7/31/1998 00:00:00,NRC,Increase Profit Margin,35 ,22107,23212,18106.33,19011.65,rebate,8 ,452409.95,75640,79422,475030.45,NULL,T
287,390,954,1689,282,3/8/1996 00:00:00,3/14/1998 00:00:00,NRC,Greater Brand Recognition,97 ,44501,42276,10384.4,9865.18,discount,5 ,36698.3,33253,31590,34863.39,NULL,T
288,79,601,1930,157,12/8/1995 00:00:00,10/8/1998 00:00:00,TRS,Increase Market Share,69 ,66914,65241,19107.65,18629.96,gift,4 ,25565.98,11252,10971,24926.83,NULL,T
289,213,1050,1706,289,4/11/1996 00:00:00,9/22/1998 00:00:00,TRS,Initial Product Launch,37 ,51637,52153,1713.59,1730.73,buy 1 get 1 free,2 ,444045.02,41578,41994,448485.47,NULL,T
290,34,767,1951,47,9/11/1995 00:00:00,4/2/1998 00:00:00,TRS,Increase Profit Margin,98 ,29597,30485,16172.31,16657.48,sample,9 ,448539.42,42205,43471,461995.6,NULL,T
291,31,560,2154,354,2/1/1996 00:00:00,9/17/1998 00:00:00,MKT,Increase Profit Margin,47 ,91684,89392,17821.48,17375.94,discount,3 ,427461.5,92016,89716,416774.96,NULL,T
292,152,580,1766,84,6/9/1996 00:00:00,5/15/1998 00:00:00,CUS,Initial Product Launch,62 ,12178,12543,23173.5,23868.71,rebate,1 ,67575.18,21349,21989,69602.44,NULL,T
293,284,833,2119,33,5/19/1996 00:00:00,2/1/1998 00:00:00,CUS,Increase Profit Margin,65 ,37244,39106,3302.57,3467.7,gift,8 ,262580,34588,36317,275709,NULL,T
294,354,894,1858,318,9/15/1995 00:00:00,1/10/1998 00:00:00,CUS,Greater Brand Recognition,45 ,50398,47878,6422.72,6101.58,discount,7 ,451945.98,84657,80424,429348.68,NULL,T
295,355,896,1974,147,8/5/1995 00:00:00,3/28/1998 00:00:00,NRC,Increase Market Share,67 ,62478,60916,6726.28,6558.12,discount,2 ,249664.87,45536,44398,243423.25,NULL,T
296,328,1078,1972,96,5/2/1995 00:00:00,12/28/1998 00:00:00,NRC,Initial Product Launch,35 ,69633,70329,17602.43,17778.45,50% off next,6 ,433201.99,26782,27050,437534.01,NULL,T
297,360,653,1832,235,10/14/1995 00:00:00,12/16/1998 00:00:00,NRC,Increase Profit Margin,77 ,20618,21237,5209.78,5366.07,rebate,4 ,79694.93,19151,19726,82085.78,NULL,T
298,93,1023,1938,27,1/14/1996 00:00:00,4/15/1999 00:00:00,NRC,Greater Brand Recognition,6  ,78560,82488,3902.87,4098.01,sample,7 ,97945.59,28548,29975,102842.87,NULL,T
299,66,576,1727,222,1/17/1995 00:00:00,9/3/1998 00:00:00,TRS,Increase Market Share,89 ,54559,51831,11451.49,10878.92,50% off next,10,219105.22,86619,82288,208149.96,NULL,T
300,159,927,1722,136,12/26/1995 00:00:00,1/12/1999 00:00:00,TRS,Initial Product Launch,96 ,60349,58840,21241.4,20710.37,gift,10,198854.28,32805,31985,193882.92,NULL,T
301,2,804,2142,357,5/30/1995 00:00:00,3/8/1998 00:00:00,TRS,Increase Profit Margin,98 ,36892,37261,6380.46,6444.26,sample,6 ,320014.53,32009,32329,323214.68,NULL,T
302,130,600,1793,354,12/22/1995 00:00:00,1/13/1998 00:00:00,TRS,Greater Brand Recognition,31 ,33080,34072,1410.58,1452.9,buy 1 get 1 free,7 ,121603.8,56586,58284,125251.91,NULL,T
303,55,608,2025,274,4/16/1996 00:00:00,4/22/1998 00:00:00,MKT,Increase Market Share,98 ,91618,96199,22003.24,23103.4,sample,4 ,298342.15,99193,104153,313259.26,NULL,T
304,444,573,2005,11,2/19/1995 00:00:00,7/15/1998 00:00:00,MKT,Initial Product Launch,17 ,13949,13252,13470.15,12796.64,discount,6 ,196636.52,31575,29996,186804.69,NULL,T
305,18,760,1704,483,4/16/1996 00:00:00,10/23/1998 00:00:00,CUS,Increase Market Share,39 ,65895,66554,24147.08,24388.55,discount,5 ,158293.16,97193,98165,159876.09,NULL,T
306,134,746,2102,31,3/12/1995 00:00:00,10/4/1998 00:00:00,NRC,Increase Market Share,20 ,48209,45799,10964.32,10416.1,buy 1 get 1 free,9 ,197317.85,69551,66073,187451.96,NULL,T
307,233,699,2139,436,4/26/1996 00:00:00,9/21/1998 00:00:00,NRC,Initial Product Launch,82 ,14435,14074,15299.53,14917.04,sample,7 ,400889.5,93257,90926,390867.26,NULL,T
308,253,888,2128,73,5/1/1995 00:00:00,3/9/1999 00:00:00,NRC,Increase Profit Margin,91 ,81732,82549,12526.57,12651.84,gift,10,471051.42,47547,48022,475761.93,NULL,T
309,277,1080,1920,488,10/1/1995 00:00:00,1/16/1999 00:00:00,NRC,Greater Brand Recognition,18 ,48695,50156,20551.83,21168.38,50% off next,2 ,103961.15,58556,60313,107079.98,NULL,T
310,296,714,1676,364,3/16/1996 00:00:00,6/28/1998 00:00:00,TRS,Increase Market Share,20 ,73316,76982,1076.48,1130.3,50% off next,6 ,365620.82,89000,93450,383901.86,NULL,T
311,119,1091,2075,67,4/11/1995 00:00:00,10/26/1998 00:00:00,TRS,Initial Product Launch,41 ,89489,85015,6710.16,6374.65,50% off next,1 ,284643.9,32349,30732,270411.71,NULL,T
312,392,705,1714,391,4/9/1995 00:00:00,8/10/1998 00:00:00,TRS,Increase Profit Margin,73 ,87690,85498,7986.36,7786.7,extended warranty,10,357922.45,25966,25317,348974.39,NULL,T
313,216,901,2179,473,8/5/1995 00:00:00,1/7/1999 00:00:00,TRS,Greater Brand Recognition,91 ,51898,52417,14132.09,14273.41,50% off next,5 ,149740.7,23294,23527,151238.11,NULL,T
314,359,1050,1977,243,11/4/1995 00:00:00,5/31/1998 00:00:00,MKT,Increase Market Share,62 ,89862,92558,20698.4,21319.35,extended warranty,3 ,425055.63,70638,72757,437807.3,NULL,T
315,174,1011,1892,188,4/28/1996 00:00:00,3/18/1998 00:00:00,MKT,Initial Product Launch,31 ,77225,81086,9386.93,9856.28,rebate,6 ,312012.88,33684,35368,327613.52,NULL,T
316,469,582,1702,174,4/20/1996 00:00:00,2/24/1999 00:00:00,MKT,Increase Profit Margin,6  ,31748,30161,16809.37,15968.9,discount,4 ,304590.05,76725,72889,289360.55,NULL,T
317,14,1082,1812,17,3/29/1996 00:00:00,5/2/1999 00:00:00,MKT,Greater Brand Recognition,67 ,86553,84389,19896.48,19399.07,50% off next,8 ,249200.47,84872,82750,242970.46,NULL,T
318,472,560,2074,59,10/21/1995 00:00:00,6/16/1998 00:00:00,CUS,Greater Brand Recognition,88 ,70781,74320,7683.6,8067.78,gift,7 ,215032.79,95760,100548,225784.43,NULL,T
319,91,1070,2046,98,2/12/1996 00:00:00,5/31/1998 00:00:00,NRC,Greater Brand Recognition,79 ,45825,46283,14625.66,14771.92,discount,1 ,252693,63945,64584,255219.93,NULL,T
320,72,723,1902,134,7/1/1996 00:00:00,5/29/1999 00:00:00,TRS,Increase Market Share,62 ,28224,29071,17659.7,18189.49,50% off next,9 ,403629.1,15237,15694,415737.97,NULL,T
321,401,614,2036,224,10/11/1995 00:00:00,5/30/1999 00:00:00,TRS,Initial Product Launch,69 ,13823,14514,1832.8,1924.44,sample,6 ,484576.31,55471,58245,508805.13,NULL,T
322,415,731,2130,197,8/25/1995 00:00:00,7/1/1999 00:00:00,TRS,Increase Profit Margin,80 ,38826,36885,7305.25,6939.99,rebate,6 ,246866.82,82065,77962,234523.48,NULL,T
323,89,703,1824,79,9/5/1995 00:00:00,12/23/1998 00:00:00,TRS,Greater Brand Recognition,43 ,83136,81058,20496.07,19983.67,extended warranty,1 ,329364.08,59130,57652,321129.98,NULL,T
324,277,868,1863,152,8/2/1995 00:00:00,9/12/1998 00:00:00,MKT,Increase Market Share,57 ,35961,36321,24226.91,24469.18,rebate,2 ,131504.59,82054,82875,132819.64,NULL,T
325,133,726,1897,266,10/10/1995 00:00:00,3/31/1998 00:00:00,MKT,Initial Product Launch,78 ,87245,89862,6130.17,6314.08,sample,6 ,388408.3,53035,54626,400060.55,NULL,T
326,415,620,1868,414,3/26/1996 00:00:00,6/2/1998 00:00:00,MKT,Increase Profit Margin,6  ,86418,90739,3992.87,4192.51,extended warranty,1 ,197129.16,93570,98249,206985.62,NULL,T
327,283,1060,1756,480,9/1/1995 00:00:00,5/10/1999 00:00:00,MKT,Greater Brand Recognition,12 ,75596,71816,7247.67,6885.29,sample,10,269987.25,59086,56132,256487.89,NULL,T
328,288,691,1968,308,6/8/1995 00:00:00,2/12/1999 00:00:00,CUS,Increase Market Share,86 ,53732,52389,17291.71,16859.42,buy 1 get 1 free,6 ,471124.59,97968,95519,459346.48,NULL,T
329,291,719,2166,258,4/11/1995 00:00:00,12/1/1998 00:00:00,CUS,Initial Product Launch,63 ,13699,13836,21806.85,22024.92,gift,9 ,118965.77,86135,86996,120155.43,NULL,T
330,37,741,2035,210,4/28/1995 00:00:00,9/28/1998 00:00:00,CUS,Increase Profit Margin,66 ,67477,69501,13969.75,14388.84,buy 1 get 1 free,6 ,393395.87,50203,51709,405197.75,NULL,T
331,86,583,2188,473,6/1/1995 00:00:00,3/20/1998 00:00:00,NRC,Increase Profit Margin,98 ,22437,21876,5897.01,5749.58,extended warranty,5 ,235124.35,98094,95642,229246.24,NULL,T
332,27,921,2091,175,3/19/1995 00:00:00,8/15/1998 00:00:00,TRS,Increase Profit Margin,74 ,64450,67673,14884.33,15628.55,50% off next,3 ,169702.14,49637,52119,178187.25,NULL,T
333,475,853,1734,186,12/20/1995 00:00:00,3/5/1998 00:00:00,TRS,Greater Brand Recognition,54 ,21313,20247,4271.72,4058.13,sample,7 ,450003.05,79219,75258,427502.9,NULL,T
334,490,606,1770,135,10/4/1995 00:00:00,5/2/1998 00:00:00,MKT,Increase Market Share,48 ,91203,88923,4315.61,4207.72,buy 1 get 1 free,6 ,271640.03,82070,80018,264849.03,NULL,T
335,400,775,2136,128,3/19/1995 00:00:00,2/15/1998 00:00:00,MKT,Initial Product Launch,70 ,44773,45221,12107.72,12228.8,rebate,3 ,39902.72,24867,25116,40301.75,NULL,T
336,2,883,2003,92,2/1/1996 00:00:00,9/11/1998 00:00:00,MKT,Increase Profit Margin,55 ,85072,87624,2333.15,2403.14,extended warranty,5 ,90958.08,54243,55870,93686.82,NULL,T
337,45,815,1914,113,6/12/1996 00:00:00,3/27/1999 00:00:00,MKT,Greater Brand Recognition,10 ,52076,54680,6804.45,7144.67,gift,9 ,60153.07,77870,81764,63160.72,NULL,T
338,143,762,2045,105,10/11/1995 00:00:00,8/31/1998 00:00:00,CUS,Increase Market Share,76 ,37090,35236,4461.82,4238.73,extended warranty,2 ,429780.94,17833,16941,408291.89,NULL,T
339,299,688,1705,248,8/21/1995 00:00:00,3/18/1999 00:00:00,CUS,Initial Product Launch,49 ,43515,42427,10057.07,9805.64,sample,3 ,305837.26,80768,78749,298191.33,NULL,T
340,103,610,1905,483,4/14/1996 00:00:00,1/21/1999 00:00:00,CUS,Increase Profit Margin,59 ,61635,62251,21406.05,21620.11,50% off next,6 ,88972.09,72380,73104,89861.81,NULL,T
341,468,747,1994,486,4/30/1995 00:00:00,1/22/1999 00:00:00,CUS,Greater Brand Recognition,50 ,88440,91093,18982.75,19552.23,buy 1 get 1 free,10,74809.58,77977,80316,77053.87,NULL,T
342,122,1009,1741,461,10/7/1995 00:00:00,2/2/1998 00:00:00,NRC,Increase Market Share,85 ,52483,55107,14918.25,15664.16,gift,1 ,94060.42,65194,68454,98763.44,NULL,T
343,336,1057,1688,57,1/18/1995 00:00:00,6/13/1999 00:00:00,NRC,Initial Product Launch,18 ,76329,72513,21959.27,20861.31,rebate,1 ,50687.83,21695,20610,48153.44,NULL,T
344,369,1031,1932,474,6/4/1996 00:00:00,4/27/1998 00:00:00,TRS,Initial Product Launch,26 ,89398,92080,9111.43,9384.77,extended warranty,8 ,304402.63,96518,99414,313534.71,NULL,T
345,150,697,2117,175,11/17/1995 00:00:00,7/16/1998 00:00:00,MKT,Initial Product Launch,28 ,59025,57549,23759.93,23165.93,gift,7 ,72721.6,85687,83545,70903.56,NULL,T
346,89,867,2176,312,8/18/1995 00:00:00,10/11/1998 00:00:00,MKT,Increase Profit Margin,12 ,25318,25571,1271.54,1284.26,buy 1 get 1 free,8 ,455410.98,97732,98709,459965.09,NULL,T
347,141,1021,1953,485,11/29/1995 00:00:00,12/15/1998 00:00:00,MKT,Greater Brand Recognition,66 ,49519,51005,23751.83,24464.38,extended warranty,10,102961.16,62461,64335,106049.99,NULL,T
348,6,753,2119,146,4/17/1995 00:00:00,8/18/1998 00:00:00,CUS,Increase Market Share,75 ,29202,30662,24127.39,25333.76,extended warranty,6 ,367519.03,84174,88383,385894.98,NULL,T
349,275,648,1706,365,4/10/1995 00:00:00,9/5/1998 00:00:00,CUS,Initial Product Launch,11 ,40639,38607,17455.83,16583.04,50% off next,1 ,433129.91,88984,84535,411473.41,NULL,T
350,486,880,1817,482,4/15/1995 00:00:00,6/7/1999 00:00:00,CUS,Increase Profit Margin,62 ,41713,40670,4400.64,4290.62,rebate,6 ,189460.99,97844,95398,184724.47,NULL,T
351,288,851,2076,353,11/29/1995 00:00:00,4/21/1998 00:00:00,CUS,Greater Brand Recognition,74 ,34547,34892,20928.74,21138.03,gift,8 ,457729.43,18256,18439,462306.72,NULL,T
352,19,961,2100,331,3/30/1996 00:00:00,2/26/1999 00:00:00,NRC,Increase Market Share,68 ,19050,19622,14621.84,15060.5,gift,7 ,348992.4,96858,99764,359462.17,NULL,T
353,67,626,1692,32,1/29/1996 00:00:00,5/10/1999 00:00:00,NRC,Initial Product Launch,95 ,67013,70364,14127.5,14833.88,discount,8 ,119733.85,32198,33808,125720.54,NULL,T
354,254,1021,2123,20,1/2/1996 00:00:00,9/2/1998 00:00:00,NRC,Increase Profit Margin,86 ,92329,87713,24147.26,22939.9,rebate,1 ,453061.06,59717,56731,430408.01,NULL,T
355,213,1019,2147,364,8/23/1995 00:00:00,10/10/1998 00:00:00,NRC,Greater Brand Recognition,3  ,48536,47323,16601.2,16186.17,gift,2 ,204971.57,33366,32532,199847.28,NULL,T
356,200,612,1866,68,12/7/1995 00:00:00,9/26/1998 00:00:00,TRS,Increase Market Share,94 ,81136,81947,23988.58,24228.47,gift,4 ,302227.14,65560,66216,305249.41,NULL,T
357,41,1029,1718,423,12/1/1995 00:00:00,8/5/1998 00:00:00,MKT,Increase Market Share,1  ,52115,49509,18057.62,17154.74,discount,6 ,171427.62,96130,91324,162856.24,NULL,T
358,270,848,2090,154,11/28/1995 00:00:00,6/23/1998 00:00:00,CUS,Increase Market Share,21 ,91988,94748,4359.19,4489.97,buy 1 get 1 free,10,143521.61,69608,71696,147827.26,NULL,T
359,213,998,2047,493,11/26/1995 00:00:00,3/27/1999 00:00:00,CUS,Initial Product Launch,56 ,94738,99475,6825.22,7166.48,buy 1 get 1 free,1 ,354994.68,32962,34610,372744.41,NULL,T
360,156,1051,1941,409,12/5/1995 00:00:00,6/21/1999 00:00:00,CUS,Increase Profit Margin,41 ,93878,89184,6478.63,6154.7,50% off next,4 ,341005.47,21549,20472,323955.2,NULL,T
361,356,1046,1666,195,3/12/1996 00:00:00,1/30/1999 00:00:00,CUS,Greater Brand Recognition,13 ,90772,88503,17052.28,16625.97,50% off next,6 ,258477.09,89341,87107,252015.16,NULL,T
362,37,678,1891,286,9/24/1995 00:00:00,3/5/1999 00:00:00,NRC,Increase Market Share,9  ,27545,27820,20965.03,21174.68,buy 1 get 1 free,1 ,466630.33,86363,87227,471296.63,NULL,T
363,240,913,1962,233,9/7/1995 00:00:00,6/8/1999 00:00:00,NRC,Initial Product Launch,31 ,69781,71874,11901.59,12258.64,rebate,9 ,429447.24,79246,81623,442330.66,NULL,T
364,283,887,1701,290,3/23/1995 00:00:00,10/7/1998 00:00:00,NRC,Increase Profit Margin,74 ,84841,89083,14083.01,14787.16,extended warranty,8 ,225237.38,54265,56978,236499.25,NULL,T
365,412,824,1814,432,12/21/1995 00:00:00,2/16/1999 00:00:00,NRC,Greater Brand Recognition,91 ,69347,65880,4121.89,3915.8,rebate,1 ,93799.3,59712,56726,89109.34,NULL,T
366,298,767,2083,500,2/16/1996 00:00:00,5/14/1998 00:00:00,TRS,Increase Market Share,34 ,31968,31169,14960.54,14586.53,rebate,2 ,358038.97,24801,24181,349088,NULL,T
367,499,662,1840,468,11/28/1995 00:00:00,6/12/1998 00:00:00,TRS,Initial Product Launch,21 ,19764,19962,4849.41,4897.9,extended warranty,5 ,456859.4,95164,96116,461427.99,NULL,T
368,239,622,1995,389,8/17/1995 00:00:00,6/29/1998 00:00:00,TRS,Increase Profit Margin,76 ,37225,38342,20505.42,21120.58,rebate,8 ,154350.88,30619,31538,158981.41,NULL,T
369,52,888,2179,56,9/27/1995 00:00:00,12/16/1998 00:00:00,TRS,Greater Brand Recognition,95 ,73327,76993,24661.79,25894.88,sample,10,164802.58,66373,69692,173042.71,NULL,T
370,32,1021,2023,334,1/3/1995 00:00:00,6/18/1998 00:00:00,MKT,Greater Brand Recognition,78 ,73495,74230,5940.99,6000.4,discount,2 ,433549.59,66466,67131,437885.09,NULL,T
371,144,987,2081,385,10/7/1995 00:00:00,5/21/1998 00:00:00,CUS,Greater Brand Recognition,46 ,25505,24230,24807.36,23566.99,buy 1 get 1 free,9 ,224512.63,76014,72213,213287,NULL,T
372,221,561,1787,33,2/25/1995 00:00:00,2/15/1998 00:00:00,NRC,Increase Market Share,41 ,34728,33860,14705.48,14337.84,gift,7 ,293848.58,94224,91868,286502.37,NULL,T
373,107,770,1944,399,4/25/1996 00:00:00,3/4/1999 00:00:00,NRC,Initial Product Launch,23 ,45756,46214,21923.64,22142.88,buy 1 get 1 free,3 ,419923.04,87970,88850,424122.27,NULL,T
374,147,719,2056,166,7/21/1995 00:00:00,4/1/1999 00:00:00,NRC,Increase Profit Margin,73 ,68512,70567,1501.07,1546.1,50% off next,4 ,293254.78,87742,90374,302052.42,NULL,T
375,110,596,1839,147,5/2/1995 00:00:00,4/15/1999 00:00:00,NRC,Greater Brand Recognition,38 ,30949,32496,13003.92,13654.12,50% off next,4 ,108832.28,36362,38180,114273.89,NULL,T
376,110,916,1992,374,12/27/1995 00:00:00,3/15/1998 00:00:00,TRS,Increase Market Share,6  ,49964,47466,20581.6,19552.52,gift,6 ,66981.7,83696,79511,63632.62,NULL,T
377,444,978,1933,207,2/1/1995 00:00:00,4/5/1999 00:00:00,TRS,Initial Product Launch,40 ,92258,89952,2147.52,2093.83,sample,2 ,71054.17,82666,80599,69277.82,NULL,T
378,432,741,1804,382,9/23/1995 00:00:00,4/17/1998 00:00:00,TRS,Increase Profit Margin,34 ,79615,80411,20182.55,20384.38,discount,4 ,370635.64,30795,31103,374342,NULL,T
379,10,1023,1940,259,3/26/1996 00:00:00,6/7/1998 00:00:00,TRS,Greater Brand Recognition,55 ,94672,97512,15275.75,15734.02,extended warranty,7 ,474936.15,37324,38444,489184.23,NULL,T
380,143,996,1733,154,2/13/1995 00:00:00,4/8/1999 00:00:00,MKT,Increase Market Share,44 ,81740,85827,18897.06,19841.91,buy 1 get 1 free,2 ,300705.79,57748,60635,315741.08,NULL,T
381,222,1039,2180,393,6/14/1996 00:00:00,7/30/1998 00:00:00,MKT,Initial Product Launch,96 ,43929,41733,16581.77,15752.68,extended warranty,6 ,169571.46,89522,85046,161092.89,NULL,T
382,73,1065,2143,75,11/22/1995 00:00:00,1/9/1998 00:00:00,MKT,Increase Profit Margin,47 ,84243,82137,7734.22,7540.86,50% off next,7 ,164933.16,61541,60002,160809.83,NULL,T
383,357,853,2053,350,2/1/1996 00:00:00,12/2/1998 00:00:00,CUS,Increase Profit Margin,66 ,19684,20668,18898.64,19843.57,50% off next,3 ,242604.08,97927,102823,254734.28,NULL,T
384,79,788,1921,148,1/2/1995 00:00:00,5/4/1998 00:00:00,NRC,Increase Profit Margin,48 ,38222,38604,22180.98,22402.79,extended warranty,9 ,486693.5,61547,62162,491560.44,NULL,T
385,443,1006,1817,116,6/22/1995 00:00:00,7/24/1998 00:00:00,NRC,Greater Brand Recognition,51 ,92461,95235,8234.33,8481.36,buy 1 get 1 free,9 ,80636.84,73443,75646,83055.95,NULL,T
386,319,753,1672,58,5/30/1996 00:00:00,8/4/1998 00:00:00,TRS,Increase Market Share,97 ,54919,57665,12968.05,13616.45,extended warranty,2 ,321304.6,40090,42095,337369.83,NULL,T
387,95,915,1727,102,6/12/1996 00:00:00,6/23/1998 00:00:00,TRS,Initial Product Launch,58 ,64219,61008,17902.04,17006.94,buy 1 get 1 free,9 ,76853.07,58122,55216,73010.42,NULL,T
388,164,1079,1667,485,3/24/1996 00:00:00,4/27/1999 00:00:00,TRS,Increase Profit Margin,85 ,35102,34224,19169.6,18690.36,extended warranty,8 ,477241.24,61041,59515,465310.21,NULL,T
389,114,849,1941,238,8/8/1995 00:00:00,3/1/1999 00:00:00,TRS,Greater Brand Recognition,55 ,95705,96662,15155.86,15307.42,gift,4 ,463934.3,98990,99980,468573.64,NULL,T
390,497,819,1918,184,2/7/1995 00:00:00,2/13/1998 00:00:00,MKT,Increase Market Share,30 ,90873,93599,3642.59,3751.87,extended warranty,9 ,195099.89,89758,92451,200952.89,NULL,T
391,175,963,1649,414,7/5/1995 00:00:00,11/29/1998 00:00:00,MKT,Initial Product Launch,52 ,44369,46587,8115.96,8521.76,discount,7 ,374114.55,24167,25375,392820.28,NULL,T
392,206,846,1968,97,5/7/1996 00:00:00,10/24/1998 00:00:00,MKT,Increase Profit Margin,2  ,89643,85161,1131.78,1075.19,rebate,9 ,121139.06,32978,31329,115082.11,NULL,T
393,365,821,1999,128,3/24/1996 00:00:00,5/10/1999 00:00:00,MKT,Greater Brand Recognition,44 ,67875,66178,2901.39,2828.86,50% off next,5 ,223324.86,62104,60551,217741.74,NULL,T
394,108,614,2187,122,3/12/1996 00:00:00,5/26/1998 00:00:00,CUS,Increase Market Share,86 ,77310,78083,5851.41,5909.92,buy 1 get 1 free,9 ,389785.64,23274,23507,393683.5,NULL,T
395,66,1077,2049,140,2/24/1995 00:00:00,6/13/1999 00:00:00,CUS,Initial Product Launch,25 ,52362,53933,9290.74,9569.46,rebate,8 ,34089.83,89607,92295,35112.52,NULL,T
396,427,576,2156,195,7/11/1995 00:00:00,3/24/1998 00:00:00,NRC,Initial Product Launch,60 ,70144,68390,4381.52,4271.98,sample,1 ,159380.35,10395,10135,155395.84,NULL,T
397,148,1057,2065,39,1/12/1996 00:00:00,4/10/1998 00:00:00,TRS,Initial Product Launch,49 ,29270,30734,15804.92,16595.17,extended warranty,7 ,414182.52,44699,46934,434891.65,NULL,T
398,490,945,1987,135,5/21/1995 00:00:00,6/1/1998 00:00:00,TRS,Increase Profit Margin,17 ,19467,18494,10949.9,10402.41,gift,3 ,393496.81,58586,55657,373821.97,NULL,T
399,268,770,1752,370,11/6/1995 00:00:00,11/6/1998 00:00:00,TRS,Greater Brand Recognition,58 ,27905,27207,15761.35,15367.32,50% off next,9 ,207044.35,54699,53332,201868.24,NULL,T
400,102,688,1966,403,12/27/1995 00:00:00,4/22/1999 00:00:00,MKT,Increase Market Share,2  ,19305,19498,15461.12,15615.73,discount,6 ,177892.29,65551,66207,179671.21,NULL,T
401,357,780,1909,76,6/9/1995 00:00:00,12/27/1998 00:00:00,MKT,Initial Product Launch,23 ,22426,23099,24949.09,25697.56,gift,3 ,200173.5,67444,69467,206178.71,NULL,T
402,405,715,2085,118,2/7/1995 00:00:00,6/11/1998 00:00:00,MKT,Increase Profit Margin,57 ,71295,74860,8359.9,8777.9,rebate,1 ,224614.46,90379,94898,235845.18,NULL,T
403,35,883,1829,130,7/23/1995 00:00:00,1/30/1999 00:00:00,MKT,Greater Brand Recognition,78 ,61085,58031,12833.9,12192.21,buy 1 get 1 free,5 ,214408.58,86457,82134,203688.15,NULL,T
404,291,708,1943,120,1/18/1996 00:00:00,10/4/1998 00:00:00,CUS,Increase Market Share,40 ,88223,86017,8894.3,8671.94,sample,7 ,432926.26,12062,11760,422103.1,NULL,T
405,306,602,1918,11,6/21/1996 00:00:00,3/30/1999 00:00:00,CUS,Initial Product Launch,5  ,23217,23449,19272.49,19465.21,extended warranty,8 ,76027.57,26754,27022,76787.85,NULL,T
406,419,860,2144,87,8/7/1995 00:00:00,8/11/1998 00:00:00,CUS,Increase Profit Margin,81 ,67372,69393,7651.46,7881,50% off next,1 ,418067.17,52115,53678,430609.19,NULL,T
407,227,699,2017,199,1/29/1996 00:00:00,1/7/1998 00:00:00,CUS,Greater Brand Recognition,88 ,60143,63150,18568.32,19496.74,gift,6 ,165280.04,61371,64440,173544.04,NULL,T
408,256,850,1746,158,12/25/1995 00:00:00,2/27/1998 00:00:00,NRC,Increase Market Share,54 ,65741,62454,21452.29,20379.68,extended warranty,5 ,316752.49,60899,57854,300914.87,NULL,T
409,359,549,1907,154,12/20/1995 00:00:00,4/8/1998 00:00:00,TRS,Increase Market Share,24 ,88456,91110,5346.98,5507.39,buy 1 get 1 free,7 ,381319.23,30223,31130,392758.81,NULL,T
410,73,705,2128,30,4/3/1996 00:00:00,1/5/1998 00:00:00,TRS,Greater Brand Recognition,84 ,20118,19112,23977.51,22778.63,gift,10,355704.96,90469,85946,337919.71,NULL,T
411,64,736,1784,46,6/11/1996 00:00:00,4/29/1999 00:00:00,MKT,Increase Market Share,51 ,27100,26423,2878.34,2806.38,discount,10,231877.48,70347,68588,226080.54,NULL,T
412,465,646,1823,490,11/24/1995 00:00:00,9/17/1998 00:00:00,MKT,Initial Product Launch,96 ,93656,94593,21715.7,21932.86,rebate,2 ,116312.85,13433,13567,117475.98,NULL,T
413,63,737,1728,213,1/30/1995 00:00:00,2/9/1999 00:00:00,MKT,Increase Profit Margin,89 ,92203,94969,10796.94,11120.85,50% off next,3 ,146769.6,44355,45686,151172.69,NULL,T
414,245,820,1868,460,5/27/1995 00:00:00,8/12/1998 00:00:00,MKT,Greater Brand Recognition,22 ,42350,44468,21605.97,22686.27,50% off next,1 ,403919.04,27713,29099,424114.99,NULL,T
415,495,760,1908,112,5/16/1995 00:00:00,1/9/1998 00:00:00,CUS,Increase Market Share,13 ,40219,38208,12395.77,11775.98,gift,5 ,491187,41864,39771,466627.65,NULL,T
416,490,560,1987,64,2/7/1995 00:00:00,7/31/1998 00:00:00,CUS,Initial Product Launch,37 ,76401,74491,9483.31,9246.23,extended warranty,9 ,363677.68,69476,67739,354585.74,NULL,T
417,70,914,1949,411,6/12/1996 00:00:00,5/21/1998 00:00:00,CUS,Increase Profit Margin,60 ,43070,43501,12466.63,12591.3,rebate,5 ,137766.01,81235,82047,139143.67,NULL,T
418,350,915,1732,382,5/29/1995 00:00:00,10/2/1998 00:00:00,CUS,Greater Brand Recognition,4  ,25304,26063,16631.05,17129.98,sample,8 ,436739.84,33058,34050,449842.04,NULL,T
419,280,605,2176,432,11/26/1995 00:00:00,7/21/1998 00:00:00,NRC,Increase Market Share,57 ,45347,47614,18678.54,19612.47,buy 1 get 1 free,10,57515.49,88036,92438,60391.26,NULL,T
420,27,933,1789,274,11/29/1995 00:00:00,2/15/1998 00:00:00,NRC,Initial Product Launch,35 ,28474,27050,8013.05,7612.4,sample,7 ,403498.95,61695,58610,383324,NULL,T
421,381,618,2080,167,4/27/1996 00:00:00,9/2/1998 00:00:00,NRC,Increase Profit Margin,84 ,16454,16043,4879.7,4757.71,50% off next,10,495057.66,53763,52419,482681.22,NULL,T
422,328,883,2130,274,2/4/1995 00:00:00,12/15/1998 00:00:00,NRC,Greater Brand Recognition,55 ,75673,76430,18975.12,19164.87,gift,4 ,490157.26,14048,14188,495058.83,NULL,T
423,268,871,1845,180,3/16/1995 00:00:00,6/2/1999 00:00:00,TRS,Increase Profit Margin,33 ,72028,75629,4243.9,4456.1,sample,7 ,121357.03,78255,82168,127424.88,NULL,T
424,365,606,1737,108,3/19/1995 00:00:00,4/21/1998 00:00:00,MKT,Increase Profit Margin,39 ,79829,80627,19308.58,19501.67,rebate,6 ,101743.29,79071,79862,102760.72,NULL,T
425,71,837,2134,155,1/10/1995 00:00:00,2/22/1998 00:00:00,MKT,Greater Brand Recognition,58 ,17946,18484,17761.66,18294.51,gift,4 ,103352.86,41441,42684,106453.45,NULL,T
426,116,1079,2071,262,10/12/1995 00:00:00,3/15/1998 00:00:00,CUS,Increase Market Share,56 ,32492,34117,12867.05,13510.4,buy 1 get 1 free,6 ,71141.88,68820,72261,74698.97,NULL,T
427,319,805,1969,73,7/1/1995 00:00:00,2/23/1999 00:00:00,CUS,Initial Product Launch,35 ,26647,25315,17940.82,17043.78,gift,2 ,116602.11,56279,53465,110772,NULL,T
428,253,745,2103,434,6/13/1995 00:00:00,1/20/1998 00:00:00,CUS,Increase Profit Margin,75 ,42084,41032,5805.15,5660.02,extended warranty,3 ,90653.89,55628,54237,88387.54,NULL,T
429,491,686,1741,205,10/13/1995 00:00:00,1/14/1999 00:00:00,CUS,Greater Brand Recognition,20 ,47113,47584,24216.04,24458.2,extended warranty,4 ,100583.75,29515,29810,101589.59,NULL,T
430,200,1052,1812,129,1/3/1995 00:00:00,2/18/1998 00:00:00,NRC,Increase Market Share,38 ,79197,81573,10712.99,11034.38,extended warranty,3 ,271292.21,89722,92414,279430.98,NULL,T
431,363,817,1791,343,7/17/1995 00:00:00,6/14/1999 00:00:00,NRC,Initial Product Launch,58 ,32874,34518,17101.1,17956.16,buy 1 get 1 free,8 ,279729.87,56430,59252,293716.36,NULL,T
432,241,695,2152,397,2/27/1995 00:00:00,3/20/1999 00:00:00,NRC,Increase Profit Margin,42 ,64538,61311,14349.17,13631.71,buy 1 get 1 free,2 ,164657.38,60368,57350,156424.51,NULL,T
433,21,848,2100,440,4/16/1995 00:00:00,5/3/1999 00:00:00,NRC,Greater Brand Recognition,9  ,61308,59775,9555.4,9316.52,buy 1 get 1 free,5 ,153002.27,30534,29771,149177.21,NULL,T
434,227,676,2069,312,7/31/1995 00:00:00,4/16/1998 00:00:00,TRS,Increase Market Share,95 ,55257,55810,7050.06,7120.56,sample,1 ,72315.61,89959,90859,73038.77,NULL,T
435,161,686,2174,439,5/18/1996 00:00:00,6/12/1999 00:00:00,TRS,Initial Product Launch,2  ,23543,24249,17345.88,17866.26,sample,5 ,92451.81,55905,57582,95225.36,NULL,T
436,104,908,1906,98,3/27/1996 00:00:00,8/21/1998 00:00:00,MKT,Initial Product Launch,33 ,43300,42218,16097.53,15695.09,extended warranty,10,180038.78,48744,47525,175537.81,NULL,T
437,202,957,1840,194,10/2/1995 00:00:00,7/17/1998 00:00:00,CUS,Initial Product Launch,94 ,30597,32127,18952.67,19900.3,50% off next,10,325407.62,35387,37156,341678,NULL,T
438,434,583,2027,402,6/11/1996 00:00:00,4/24/1998 00:00:00,CUS,Increase Profit Margin,54 ,10115,9609,15865.02,15071.77,discount,9 ,306025.3,70111,66605,290724.04,NULL,T
439,419,1007,2062,29,6/4/1996 00:00:00,3/8/1998 00:00:00,CUS,Greater Brand Recognition,38 ,63415,61830,24461.55,23850.01,50% off next,6 ,308751.28,16240,15834,301032.5,NULL,T
440,500,730,2169,337,12/23/1995 00:00:00,3/27/1999 00:00:00,NRC,Increase Market Share,34 ,15062,15213,7746.64,7824.11,gift,4 ,393003.61,73742,74479,396933.65,NULL,T
441,83,662,1919,221,5/29/1996 00:00:00,1/10/1999 00:00:00,NRC,Initial Product Launch,68 ,28287,29136,14474.71,14908.95,rebate,6 ,196752.07,94815,97659,202654.63,NULL,T
442,43,895,1749,70,4/8/1995 00:00:00,3/28/1999 00:00:00,NRC,Increase Profit Margin,30 ,23895,25090,14318.92,15034.87,sample,6 ,270466.92,96504,101329,283990.27,NULL,T
443,183,915,1975,387,12/27/1995 00:00:00,8/22/1998 00:00:00,NRC,Greater Brand Recognition,21 ,85259,80996,14481.52,13757.44,gift,8 ,78940.78,50730,48194,74993.74,NULL,T
444,296,577,1823,43,9/18/1995 00:00:00,6/23/1998 00:00:00,TRS,Increase Market Share,71 ,94331,91973,2525.96,2462.81,rebate,1 ,81492.31,76030,74129,79455,NULL,T
445,118,865,1650,322,6/18/1995 00:00:00,8/13/1998 00:00:00,TRS,Initial Product Launch,32 ,81955,82775,20811.55,21019.67,50% off next,2 ,99960.73,61824,62442,100960.34,NULL,T
446,475,1032,1808,199,8/12/1995 00:00:00,1/31/1999 00:00:00,TRS,Increase Profit Margin,13 ,76873,79179,2004.77,2064.91,extended warranty,8 ,42178.13,33714,34725,43443.47,NULL,T
447,397,975,2060,152,10/30/1995 00:00:00,9/14/1998 00:00:00,TRS,Greater Brand Recognition,19 ,74794,78534,5104.84,5360.08,buy 1 get 1 free,10,296791.8,21233,22295,311631.39,NULL,T
448,417,565,2104,2,5/26/1995 00:00:00,6/14/1998 00:00:00,MKT,Increase Market Share,80 ,55806,53016,14782.43,14043.31,rebate,2 ,296240.27,52417,49796,281428.26,NULL,T
449,81,1080,1928,255,4/10/1996 00:00:00,4/13/1998 00:00:00,CUS,Increase Market Share,5  ,89173,91848,7434.27,7657.3,sample,9 ,164802.54,10579,10896,169746.62,NULL,T
450,57,1031,2131,268,4/10/1995 00:00:00,2/9/1998 00:00:00,NRC,Increase Market Share,82 ,84108,82005,4830.39,4709.63,discount,4 ,259347.16,62816,61246,252863.48,NULL,T
451,91,1054,2183,406,5/12/1996 00:00:00,2/6/1999 00:00:00,NRC,Initial Product Launch,44 ,28748,29035,20510.26,20715.36,buy 1 get 1 free,10,478850.02,78944,79733,483638.52,NULL,T
452,179,551,1649,282,3/12/1995 00:00:00,3/21/1999 00:00:00,NRC,Increase Profit Margin,56 ,67304,69323,14503.8,14938.91,50% off next,5 ,437971.81,27721,28553,451110.96,NULL,T
453,439,833,2177,398,5/20/1995 00:00:00,1/20/1999 00:00:00,NRC,Greater Brand Recognition,55 ,14845,15587,9426.18,9897.49,buy 1 get 1 free,8 ,206175.48,84207,88417,216484.25,NULL,T
454,128,1027,1749,31,1/28/1995 00:00:00,5/5/1998 00:00:00,TRS,Increase Market Share,28 ,50236,47724,2322.18,2206.07,gift,1 ,354762.56,37310,35445,337024.43,NULL,T
455,495,948,1894,369,2/13/1995 00:00:00,11/28/1998 00:00:00,TRS,Initial Product Launch,92 ,24417,23807,16286.56,15879.4,sample,4 ,138216.21,45380,44246,134760.8,NULL,T
456,20,771,1807,308,2/28/1996 00:00:00,7/14/1998 00:00:00,TRS,Increase Profit Margin,77 ,44135,44576,4421.01,4465.22,gift,4 ,263681.09,68743,69430,266317.9,NULL,T
457,430,1005,1858,291,9/25/1995 00:00:00,8/30/1998 00:00:00,TRS,Greater Brand Recognition,31 ,34242,35269,17874.16,18410.38,gift,4 ,112079.13,67114,69127,115441.5,NULL,T
458,425,953,1816,134,3/21/1995 00:00:00,9/3/1998 00:00:00,MKT,Increase Market Share,69 ,19731,20718,11413.64,11984.32,buy 1 get 1 free,6 ,88435.84,14359,15077,92857.63,NULL,T
459,356,801,1931,238,6/12/1996 00:00:00,8/27/1998 00:00:00,MKT,Initial Product Launch,77 ,12576,11947,7821.49,7430.42,buy 1 get 1 free,9 ,97293.69,88753,84315,92429.01,NULL,T
460,96,807,1887,491,2/13/1995 00:00:00,10/15/1998 00:00:00,MKT,Increase Profit Margin,67 ,17372,16938,5241.41,5110.37,sample,7 ,193302.02,43463,42376,188469.47,NULL,T
461,21,980,2096,236,1/1/1996 00:00:00,10/10/1998 00:00:00,MKT,Greater Brand Recognition,18 ,67452,68127,7515.87,7591.03,50% off next,5 ,373027.65,66807,67475,376757.93,NULL,T
462,263,775,2014,371,3/5/1996 00:00:00,1/14/1998 00:00:00,CUS,Greater Brand Recognition,45 ,60053,57050,17430.74,16559.2,extended warranty,7 ,87682.35,32028,30427,83298.23,NULL,T
463,444,978,1995,332,5/18/1995 00:00:00,9/10/1998 00:00:00,NRC,Greater Brand Recognition,47 ,55070,56722,22240.55,22907.77,gift,5 ,410747.41,98528,101484,423069.83,NULL,T
464,286,917,1763,443,4/17/1995 00:00:00,1/15/1998 00:00:00,TRS,Increase Market Share,22 ,24362,25580,22107.51,23212.89,gift,1 ,393641.44,46050,48353,413323.51,NULL,T
465,316,561,2077,485,12/31/1995 00:00:00,2/22/1998 00:00:00,TRS,Initial Product Launch,87 ,52134,49527,24652.71,23420.07,50% off next,4 ,106353.89,58569,55641,101036.2,NULL,T
466,53,857,1751,478,3/12/1996 00:00:00,3/9/1998 00:00:00,TRS,Increase Profit Margin,43 ,31234,30453,11916.09,11618.19,buy 1 get 1 free,1 ,441711.73,28449,27738,430668.94,NULL,T
467,251,759,1853,189,9/25/1995 00:00:00,1/8/1999 00:00:00,TRS,Greater Brand Recognition,83 ,86902,87771,13430.71,13565.02,rebate,7 ,162584.43,99643,100639,164210.27,NULL,T
468,405,637,1869,85,11/20/1995 00:00:00,8/20/1998 00:00:00,MKT,Increase Market Share,34 ,87193,89809,11379.93,11721.33,extended warranty,4 ,351094.92,24335,25065,361627.77,NULL,T
469,337,983,1816,206,2/3/1995 00:00:00,3/4/1998 00:00:00,MKT,Initial Product Launch,74 ,14902,15647,17665.9,18549.2,discount,5 ,231761.8,13845,14537,243349.89,NULL,T
470,459,1044,2052,324,4/26/1995 00:00:00,1/2/1999 00:00:00,MKT,Increase Profit Margin,23 ,44998,42748,23432.63,22261,50% off next,8 ,236675.12,92510,87885,224841.36,NULL,T
471,105,925,2114,265,8/21/1995 00:00:00,3/11/1998 00:00:00,MKT,Greater Brand Recognition,3  ,39993,38993,5753.39,5609.56,extended warranty,2 ,281367.56,62846,61275,274333.37,NULL,T
472,166,1000,1652,103,6/7/1996 00:00:00,3/3/1998 00:00:00,CUS,Increase Market Share,43 ,80573,81379,20831.13,21039.44,buy 1 get 1 free,2 ,221236.38,27548,27823,223448.74,NULL,T
473,319,735,2185,25,1/23/1996 00:00:00,6/19/1999 00:00:00,CUS,Initial Product Launch,2  ,13026,13417,10126.54,10430.34,buy 1 get 1 free,4 ,486128.45,50977,52506,500712.3,NULL,T
474,415,680,2180,8,6/27/1995 00:00:00,9/7/1998 00:00:00,CUS,Increase Profit Margin,47 ,24541,25768,9573.88,10052.57,gift,2 ,450394,95224,99985,472913.7,NULL,T
475,363,714,1662,313,12/15/1995 00:00:00,10/19/1998 00:00:00,NRC,Increase Profit Margin,99 ,80134,80935,1602.5,1618.53,rebate,3 ,390075.95,31234,31546,393976.71,NULL,T
476,10,854,1982,476,5/30/1995 00:00:00,2/2/1998 00:00:00,MKT,Initial Product Launch,58 ,50901,51410,10041.92,10142.34,50% off next,4 ,77128.56,13482,13617,77899.85,NULL,T
477,334,781,1742,435,2/17/1995 00:00:00,12/29/1998 00:00:00,MKT,Increase Profit Margin,21 ,73531,75737,19327.49,19907.31,buy 1 get 1 free,7 ,253288.57,52139,53703,260887.23,NULL,T
478,60,793,2058,20,11/29/1995 00:00:00,3/30/1998 00:00:00,MKT,Greater Brand Recognition,44 ,45946,48243,4591.84,4821.43,extended warranty,2 ,409964.04,59896,62891,430462.24,NULL,T
479,147,589,2165,302,6/15/1996 00:00:00,3/18/1999 00:00:00,MKT,Increase Market Share,29 ,23486,22899,21526.85,20988.68,extended warranty,2 ,290137.82,46377,45218,282884.37,NULL,T
480,381,555,1871,431,1/24/1995 00:00:00,3/11/1998 00:00:00,CUS,Increase Market Share,27 ,87281,82917,23089.98,21935.48,extended warranty,5 ,161047.56,50000,47500,152995.18,NULL,T
481,204,633,1881,294,8/29/1995 00:00:00,4/29/1998 00:00:00,CUS,Initial Product Launch,75 ,50670,49403,15876.4,15479.49,gift,3 ,80680.84,55611,54221,78663.82,NULL,T
482,48,996,1861,5,8/1/1995 00:00:00,3/5/1999 00:00:00,CUS,Increase Profit Margin,52 ,57830,58408,7333.37,7406.7,discount,6 ,109948.5,45586,46042,111047.99,NULL,T
483,361,609,2114,310,3/1/1995 00:00:00,8/27/1998 00:00:00,CUS,Greater Brand Recognition,89 ,65150,67105,12397.91,12769.85,sample,5 ,342860.69,19973,20572,353146.51,NULL,T
484,278,760,1737,158,9/23/1995 00:00:00,1/8/1999 00:00:00,NRC,Increase Market Share,9  ,20725,21761,17640.98,18523.03,gift,7 ,462455.46,19226,20187,485578.23,NULL,T
485,231,995,2063,442,4/18/1995 00:00:00,1/8/1999 00:00:00,NRC,Initial Product Launch,1  ,63851,60658,9810.85,9320.31,sample,9 ,44352.53,99844,94852,42134.9,NULL,T
486,442,934,1806,435,3/27/1995 00:00:00,3/21/1999 00:00:00,NRC,Increase Profit Margin,66 ,31602,30812,14304.21,13946.6,rebate,5 ,243995.76,67166,65487,237895.87,NULL,T
487,443,1050,2126,185,1/5/1995 00:00:00,4/21/1999 00:00:00,NRC,Greater Brand Recognition,19 ,84850,85699,3937.41,3976.78,50% off next,3 ,90900.67,75489,76244,91809.68,NULL,T
488,146,604,1736,249,2/4/1995 00:00:00,4/20/1999 00:00:00,TRS,Increase Market Share,47 ,26161,26946,13649.79,14059.28,buy 1 get 1 free,1 ,27145.91,29127,30001,27960.29,NULL,T
489,224,1047,1670,361,6/30/1995 00:00:00,1/10/1998 00:00:00,TRS,Initial Product Launch,83 ,83820,88011,16584.09,17413.29,discount,5 ,160468.84,98729,103665,168492.28,NULL,T
490,281,816,2148,344,1/22/1995 00:00:00,9/14/1998 00:00:00,TRS,Increase Profit Margin,98 ,64126,60920,4145.1,3937.85,rebate,1 ,77230.87,10554,10026,73369.33,NULL,T
491,389,1083,2185,333,2/14/1995 00:00:00,6/30/1998 00:00:00,TRS,Greater Brand Recognition,40 ,13554,13215,18345.36,17886.73,extended warranty,7 ,197970.09,58036,56585,193020.84,NULL,T
492,29,768,2054,92,3/14/1995 00:00:00,1/23/1999 00:00:00,MKT,Increase Market Share,95 ,61753,62371,22643.59,22870.03,discount,7 ,298806.87,47327,47800,301794.94,NULL,T
493,263,586,1968,319,3/28/1996 00:00:00,4/24/1999 00:00:00,MKT,Initial Product Launch,75 ,82150,84615,6448.58,6642.04,buy 1 get 1 free,6 ,239270.82,85698,88269,246448.94,NULL,T
494,382,857,1728,156,11/16/1995 00:00:00,7/12/1998 00:00:00,MKT,Increase Profit Margin,5  ,21096,22151,23193.59,24353.27,buy 1 get 1 free,6 ,55384.85,68468,71891,58154.09,NULL,T
495,388,872,2140,414,5/29/1995 00:00:00,5/15/1998 00:00:00,MKT,Greater Brand Recognition,90 ,60500,57475,3036.05,2884.25,buy 1 get 1 free,8 ,289383.95,64705,61470,274914.75,NULL,T
496,299,862,2155,459,2/5/1995 00:00:00,2/14/1998 00:00:00,CUS,Increase Market Share,62 ,94458,92097,12398.47,12088.51,sample,9 ,343614.63,84138,82035,335024.26,NULL,T
497,184,856,1803,168,2/19/1995 00:00:00,5/29/1999 00:00:00,CUS,Initial Product Launch,57 ,83114,83945,3367.37,3401.04,rebate,10,84536.87,19437,19631,85382.24,NULL,T
498,148,833,1939,201,1/8/1996 00:00:00,6/21/1998 00:00:00,CUS,Increase Profit Margin,87 ,35632,36701,15596.72,16064.62,rebate,7 ,124473.16,78469,80823,128207.35,NULL,T
499,67,969,1653,462,12/14/1995 00:00:00,9/10/1998 00:00:00,CUS,Greater Brand Recognition,29 ,37109,38964,11106.76,11662.1,sample,6 ,197810.93,65225,68486,207701.48,NULL,T
500,450,796,1854,74,4/30/1995 00:00:00,5/24/1999 00:00:00,NRC,Increase Market Share,94 ,12103,11498,8871.65,8428.07,buy 1 get 1 free,1 ,405600.86,15858,15065,385320.82,NULL,T
501,107,888,2085,134,1/13/1996 00:00:00,7/17/1998 00:00:00,NRC,Initial Product Launch,21 ,83622,81531,12132.52,11829.21,rebate,6 ,475197.37,39071,38094,463317.44,NULL,T
