1,21,29221,29310,1,1/1/2000 00:00:00,3/30/2000 00:00:00,,SLS,headset phone,,3132,2983,423.94,446.25,phone     ,,19,28927.30,821,20662.40,587,
2,24,29221,29310,1,1/1/2000 00:00:00,3/30/2000 00:00:00,,SLS,headset email,,3332,3174,10625.80,11185.10,email     ,,20,22750.00,910,16250.00,650,
3,42,961,1586,353,7/24/1997 00:00:00,12/22/1998 00:00:00,T,EP5,Global Advertising,,5173,4914,3403.00,3232.85,FAX       ,NUL,3,23601.61,7751,22421.53,7363,NULL
4,88,955,1539,374,8/30/1997 00:00:00,11/23/1998 00:00:00,T,EP2,Local Market Advertising,,1616,1576,1244.00,1212.90,PHN       ,NUL,10,17427.80,8919,16992.11,8696,NULL
5,14,1041,1330,13,8/20/1996 00:00:00,10/19/1998 00:00:00,T,EP2,National Advertising,,2876,2905,6487.00,6551.87,FAX       ,NUL,5,24578.65,6170,24824.44,6232,NULL
6,235,1022,1098,272,9/24/1997 00:00:00,9/5/1998 00:00:00,T,EP2,Global Advertising,,3404,3506,8234.00,8481.02,INT       ,NUL,6,20981.01,5700,21610.44,5871,NULL
7,105,1011,1602,15,9/18/1997 00:00:00,1/25/1998 00:00:00,T,EP3,Prime-time Advertising,,6215,6526,1008.00,1058.40,FAX       ,NUL,5,15711.82,2244,16497.41,2356,NULL
8,124,853,1605,18,8/21/1996 00:00:00,7/31/1998 00:00:00,T,EP3,Local Market Advertising,,5364,5096,6061.00,5757.95,FAX       ,NUL,6,12675.68,3551,12041.90,3373,NULL
9,185,648,1275,318,12/9/1996 00:00:00,3/28/1999 00:00:00,T,EP3,National Advertising,,8330,8122,3253.00,3171.68,PHN       ,NUL,10,21152.90,1445,20624.08,1409,NULL
10,49,845,1288,169,1/22/1997 00:00:00,7/6/1998 00:00:00,T,EP3,Global Advertising,,5119,5170,2661.00,2687.61,FAX       ,NUL,6,19397.56,6680,19591.54,6747,NULL
11,53,990,1183,126,6/12/1997 00:00:00,8/19/1998 00:00:00,T,EP4,Prime-time Advertising,,7660,7890,8863.00,9128.89,FAX       ,NUL,4,15220.19,2402,15676.80,2474,NULL
12,280,1022,1456,381,4/12/1997 00:00:00,6/20/1999 00:00:00,T,EP4,Local Market Advertising,,6196,6506,1870.00,1963.50,RML       ,NUL,10,20195.93,5134,21205.73,5391,NULL
13,77,950,1177,443,8/18/1996 00:00:00,7/9/1998 00:00:00,T,EP4,National Advertising,,6493,6168,4638.00,4406.10,FAX       ,NUL,9,17605.29,5681,16725.03,5397,NULL
14,301,839,1199,381,9/10/1997 00:00:00,1/8/1998 00:00:00,T,EP4,Global Advertising,,6121,5968,1472.00,1435.20,FAX       ,NUL,9,20062.68,8343,19561.11,8134,NULL
15,362,590,1195,236,6/1/1997 00:00:00,3/15/1998 00:00:00,T,EP5,Prime-time Advertising,,3832,3870,8708.00,8795.08,PHN       ,NUL,9,22568.02,3165,22793.70,3197,NULL
16,457,1057,1111,354,4/19/1997 00:00:00,3/25/1998 00:00:00,T,EP5,Local Market Advertising,,6187,6373,1741.00,1793.23,RML       ,NUL,9,10307.38,1381,10616.60,1422,NULL
17,483,773,1263,268,11/13/1996 00:00:00,3/16/1999 00:00:00,T,EP5,National Advertising,,3590,3770,7775.00,8163.75,PHN       ,NUL,10,11549.02,6221,12126.47,6532,NULL
18,325,627,1299,312,6/10/1997 00:00:00,4/20/1999 00:00:00,T,EP2,Prime-time Advertising,,1749,1662,2124.00,2017.80,RML       ,NUL,2,22890.80,2955,21746.26,2807,NULL
19,331,952,1157,381,8/1/1996 00:00:00,3/15/1998 00:00:00,T,EP3,National Advertising,,6724,6556,4391.00,4281.23,EML       ,NUL,1,18292.65,8696,17835.33,8479,NULL
20,327,933,1256,378,10/8/1997 00:00:00,4/15/1999 00:00:00,T,EP3,Global Advertising,,6060,6121,1941.00,1960.41,FAX       ,NUL,7,15073.17,6155,15223.90,6217,NULL
21,496,951,1104,58,7/13/1997 00:00:00,12/8/1998 00:00:00,T,EP4,Prime-time Advertising,,6775,6978,9748.00,10040.44,EML       ,NUL,5,18734.81,5894,19296.85,6071,NULL
22,172,625,1501,200,2/1/1997 00:00:00,5/26/1998 00:00:00,T,EP4,Local Market Advertising,,8950,9398,1102.00,1157.10,RML       ,NUL,6,14931.63,1506,15678.21,1581,NULL
23,341,813,1321,11,2/18/1997 00:00:00,3/18/1998 00:00:00,T,EP4,National Advertising,,4011,3810,1795.00,1705.25,PHN       ,NUL,8,12961.85,1644,12313.76,1562,NULL
24,141,704,1378,482,9/26/1997 00:00:00,4/19/1998 00:00:00,T,EP4,Global Advertising,,8410,8200,3184.00,3104.40,RAD       ,NUL,4,18456.39,5236,17994.98,5105,NULL
25,427,911,1615,252,1/16/1997 00:00:00,8/7/1998 00:00:00,T,EP5,Prime-time Advertising,,1728,1745,6137.00,6198.37,PHN       ,NUL,6,22041.70,7695,22262.12,7772,NULL
26,62,808,1117,91,7/18/1996 00:00:00,4/20/1998 00:00:00,T,EP5,Local Market Advertising,,9892,10189,8708.00,8969.24,RML       ,NUL,6,17281.23,8912,17799.67,9179,NULL
27,66,656,1346,105,9/22/1996 00:00:00,5/23/1999 00:00:00,T,EP5,National Advertising,,4283,4497,8966.00,9414.30,FAX       ,NUL,10,11452.09,8452,12024.69,8875,NULL
28,236,619,1590,53,8/4/1997 00:00:00,3/15/1999 00:00:00,T,EP5,Global Advertising,,1259,1196,7516.00,7140.20,PHN       ,NUL,4,13964.15,9630,13265.94,9149,NULL
29,458,758,1583,31,9/13/1997 00:00:00,11/13/1998 00:00:00,T,EP1,Prime-time Advertising,,6522,6359,2526.00,2462.85,PHN       ,NUL,5,16068.15,1638,15666.45,1597,NULL
30,462,1014,1396,382,1/7/1997 00:00:00,6/23/1999 00:00:00,T,EP1,Local Market Advertising,,1620,1636,7566.00,7641.66,FAX       ,NUL,8,13179.08,5067,13310.87,5118,NULL
31,246,825,1255,227,3/5/1997 00:00:00,5/13/1999 00:00:00,T,EP1,National Advertising,,4729,4871,6073.00,6255.19,RML       ,NUL,9,19714.27,5543,20305.70,5709,NULL
32,167,923,1180,418,7/12/1997 00:00:00,1/24/1999 00:00:00,T,EP1,Global Advertising,,1870,1964,5160.00,5418.00,FAX       ,NUL,10,20550.48,2514,21578.00,2640,NULL
33,339,1068,1177,403,9/3/1996 00:00:00,4/21/1998 00:00:00,T,EP3,Local Market Advertising,,2390,2271,8418.00,7997.10,PHN       ,NUL,4,24252.19,2787,23039.58,2648,NULL
34,250,764,1154,392,6/30/1997 00:00:00,3/22/1998 00:00:00,T,EP4,Global Advertising,,6577,6413,2996.00,2921.10,PHN       ,NUL,6,17335.19,9550,16901.81,9311,NULL
35,177,685,1235,56,4/4/1997 00:00:00,7/16/1998 00:00:00,T,EP5,Prime-time Advertising,,6007,6067,7942.00,8021.42,FAX       ,NUL,2,24408.82,8506,24652.91,8591,NULL
36,179,950,1386,253,8/26/1997 00:00:00,2/23/1998 00:00:00,T,EP5,Local Market Advertising,,1662,1712,8327.00,8576.81,RML       ,NUL,6,14220.43,7233,14647.04,7450,NULL
37,279,1066,1607,215,11/30/1997 00:00:00,10/20/1998 00:00:00,T,EP5,National Advertising,,5586,5865,9933.00,10429.65,RML       ,NUL,7,12846.39,5658,13488.71,5941,NULL
38,44,814,1574,209,4/30/1997 00:00:00,8/11/1998 00:00:00,T,EP5,Global Advertising,,4196,3986,5118.00,4862.10,RML       ,NUL,3,16951.19,2910,16103.63,2765,NULL
39,490,786,1607,330,12/24/1996 00:00:00,11/23/1998 00:00:00,T,EP1,Prime-time Advertising,,5769,5625,3344.00,3260.40,PHN       ,NUL,7,18177.79,4284,17723.35,4177,NULL
40,206,828,1476,140,10/26/1997 00:00:00,5/6/1998 00:00:00,T,EP1,Local Market Advertising,,7756,7834,6218.00,6280.18,RML       ,NUL,2,14741.43,2047,14888.84,2067,NULL
41,172,851,1480,205,7/8/1997 00:00:00,4/19/1998 00:00:00,T,EP1,National Advertising,,7757,7990,4316.00,4445.48,EML       ,NUL,9,18280.46,8900,18828.87,9167,NULL
42,229,942,1563,134,7/5/1996 00:00:00,2/16/1998 00:00:00,T,EP1,Global Advertising,,5089,5343,6137.00,6443.85,FAX       ,NUL,7,14808.55,7374,15548.98,7743,NULL
43,442,1008,1121,57,2/20/1997 00:00:00,11/22/1998 00:00:00,T,EP2,Prime-time Advertising,,5126,4870,4329.00,4112.55,PHN       ,NUL,1,15188.54,6245,14429.11,5933,NULL
44,489,575,1312,134,9/5/1997 00:00:00,7/29/1998 00:00:00,T,EP2,Local Market Advertising,,7416,7231,2953.00,2879.18,RML       ,NUL,1,11009.25,9577,10734.02,9338,NULL
45,489,605,1385,105,11/30/1997 00:00:00,4/7/1999 00:00:00,T,EP2,National Advertising,,4930,4979,7680.00,7756.80,FAX       ,NUL,4,18729.81,8615,18917.11,8701,NULL
46,290,798,1371,302,6/6/1997 00:00:00,1/13/1999 00:00:00,T,EP2,Global Advertising,,6506,6701,3645.00,3754.35,RML       ,NUL,1,16731.65,3217,17233.60,3314,NULL
47,5,645,1387,132,6/25/1997 00:00:00,4/6/1999 00:00:00,T,EP3,Prime-time Advertising,,5551,5829,7514.00,7889.70,FAX       ,NUL,7,19606.13,3575,20586.44,3754,NULL
48,404,782,1271,384,3/5/1997 00:00:00,3/10/1998 00:00:00,T,EP4,National Advertising,,1475,1401,3851.00,3658.45,RML       ,NUL,6,13076.03,9317,12422.23,8851,NULL
49,486,972,1221,223,11/17/1997 00:00:00,1/12/1998 00:00:00,T,EP1,Local Market Advertising,,1433,1447,1573.00,1588.73,FAX       ,NUL,2,20764.59,3909,20972.24,3948,NULL
50,33,843,1540,183,10/5/1997 00:00:00,9/24/1998 00:00:00,T,EP1,National Advertising,,9554,9841,2352.00,2422.56,INT       ,NUL,3,20584.24,6916,21201.77,7123,NULL
51,71,955,1399,395,11/1/1996 00:00:00,10/13/1998 00:00:00,T,EP1,Global Advertising,,4805,5045,2662.00,2795.10,EML       ,NUL,8,17795.21,6330,18684.97,6647,NULL
52,347,870,1201,480,8/17/1997 00:00:00,4/1/1998 00:00:00,T,EP2,Prime-time Advertising,,3262,3099,7765.00,7376.75,FAX       ,NUL,2,22536.67,5393,21409.84,5123,NULL
53,306,808,1161,77,8/7/1997 00:00:00,6/4/1998 00:00:00,T,EP2,Local Market Advertising,,6618,6453,2668.00,2601.30,PHN       ,NUL,6,13970.70,1528,13621.43,1490,NULL
54,223,698,1480,112,1/7/1997 00:00:00,7/28/1998 00:00:00,T,EP2,National Advertising,,9744,9841,9906.00,10005.06,RML       ,NUL,5,20829.93,9662,21038.23,9759,NULL
55,229,927,1524,455,9/6/1997 00:00:00,3/3/1998 00:00:00,T,EP2,Global Advertising,,3739,3851,8251.00,8498.53,FAX       ,NUL,1,15154.54,9224,15609.18,9501,NULL
56,334,599,1546,141,10/30/1996 00:00:00,2/13/1999 00:00:00,T,EP3,Prime-time Advertising,,2849,2991,6957.00,7304.85,RML       ,NUL,7,23980.06,8194,25179.06,8604,NULL
57,209,942,1106,270,7/5/1997 00:00:00,11/28/1998 00:00:00,T,EP3,Local Market Advertising,,8408,7988,7178.00,6819.10,PHN       ,NUL,4,23560.22,4305,22382.21,4090,NULL
58,476,699,1537,490,10/13/1997 00:00:00,3/24/1998 00:00:00,T,EP3,National Advertising,,5145,5016,4489.00,4376.78,PHN       ,NUL,6,24995.59,7952,24370.70,7753,NULL
59,94,809,1245,427,4/17/1997 00:00:00,4/27/1998 00:00:00,T,EP3,Global Advertising,,5340,5393,3283.00,3315.83,PHN       ,NUL,3,13765.06,6926,13902.71,6995,NULL
60,131,840,1605,372,10/28/1997 00:00:00,8/21/1998 00:00:00,T,EP4,Prime-time Advertising,,2820,2905,4343.00,4473.29,PHN       ,NUL,6,11432.40,9080,11775.37,9352,NULL
61,67,842,1499,63,8/1/1997 00:00:00,5/23/1999 00:00:00,T,EP4,Local Market Advertising,,9013,9464,9107.00,9562.35,PHN       ,NUL,3,13423.67,3924,14094.85,4120,NULL
62,81,822,1180,132,8/12/1997 00:00:00,1/22/1999 00:00:00,T,EP1,Prime-time Advertising,,7107,6929,9789.00,9544.28,RML       ,NUL,9,11015.72,4592,10740.33,4477,NULL
63,411,674,1293,29,12/29/1997 00:00:00,3/14/1999 00:00:00,T,EP2,National Advertising,,3208,3240,5411.00,5465.11,INT       ,NUL,3,24453.66,1398,24698.20,1412,NULL
64,245,931,1492,28,7/7/1996 00:00:00,8/9/1998 00:00:00,T,EP2,Global Advertising,,6368,6559,8615.00,8873.45,PHN       ,NUL,5,24415.25,9594,25147.71,9882,NULL
65,319,1090,1184,156,9/4/1997 00:00:00,5/22/1998 00:00:00,T,EP3,Prime-time Advertising,,3114,3270,6267.00,6580.35,PHN       ,NUL,10,12072.76,8480,12676.40,8904,NULL
66,407,900,1205,456,7/14/1996 00:00:00,1/25/1998 00:00:00,T,EP3,Local Market Advertising,,1227,1166,7603.00,7222.85,FAX       ,NUL,2,22916.16,5356,21770.35,5088,NULL
67,41,953,1225,21,4/13/1997 00:00:00,3/4/1999 00:00:00,T,EP3,National Advertising,,1602,1562,2737.00,2668.58,RAD       ,NUL,2,19528.13,6128,19039.93,5975,NULL
68,221,635,1356,312,3/12/1997 00:00:00,6/6/1998 00:00:00,T,EP3,Global Advertising,,3968,4008,2310.00,2333.10,RAD       ,NUL,1,13258.81,4468,13391.40,4513,NULL
69,222,968,1431,309,12/18/1997 00:00:00,5/25/1998 00:00:00,T,EP4,Prime-time Advertising,,2103,2166,7906.00,8143.18,RML       ,NUL,7,19294.50,5779,19873.34,5952,NULL
70,455,598,1196,470,3/21/1997 00:00:00,1/23/1998 00:00:00,T,EP4,Local Market Advertising,,2336,2453,3561.00,3739.05,RML       ,NUL,8,17255.52,6739,18118.30,7076,NULL
71,399,1051,1458,131,4/24/1997 00:00:00,11/26/1998 00:00:00,T,EP4,National Advertising,,6746,6409,6580.00,6251.00,FAX       ,NUL,9,18281.20,3543,17367.14,3366,NULL
72,145,676,1145,47,7/27/1996 00:00:00,12/7/1998 00:00:00,T,EP4,Global Advertising,,3368,3284,7007.00,6831.83,FAX       ,NUL,9,21867.77,6290,21321.08,6133,NULL
73,250,1021,1427,492,2/15/1997 00:00:00,11/2/1998 00:00:00,T,EP5,Prime-time Advertising,,5101,5152,8448.00,8532.48,FAX       ,NUL,5,18181.71,2283,18363.53,2306,NULL
74,452,843,1203,174,10/6/1997 00:00:00,10/20/1998 00:00:00,T,EP5,Local Market Advertising,,9309,9588,9257.00,9534.71,PHN       ,NUL,1,24654.05,5699,25393.67,5870,NULL
75,197,1055,1226,216,4/10/1997 00:00:00,6/29/1998 00:00:00,T,EP5,National Advertising,,1252,1315,5197.00,5456.85,RML       ,NUL,8,24027.67,8856,25229.05,9299,NULL
76,266,684,1186,360,8/23/1996 00:00:00,5/12/1998 00:00:00,T,EP5,Global Advertising,,5819,5528,2574.00,2445.30,FAX       ,NUL,5,12502.15,3563,11877.04,3385,NULL
77,261,806,1574,100,7/29/1996 00:00:00,8/27/1998 00:00:00,T,EP2,Local Market Advertising,,7212,7032,3872.00,3775.20,FAX       ,NUL,2,15832.98,5089,15437.16,4962,NULL
78,356,632,1471,332,10/1/1997 00:00:00,4/22/1999 00:00:00,T,EP3,Global Advertising,,7059,7130,1606.00,1622.06,FAX       ,NUL,5,10035.92,3130,10136.28,3161,NULL
79,248,975,1224,251,12/16/1996 00:00:00,11/5/1998 00:00:00,T,EP4,Prime-time Advertising,,4260,4388,7657.00,7886.71,RAD       ,NUL,5,12780.68,2430,13164.10,2503,NULL
80,256,969,1593,269,4/25/1997 00:00:00,6/9/1999 00:00:00,T,EP4,Local Market Advertising,,4354,4572,4434.00,4655.70,PHN       ,NUL,3,14963.51,1194,15711.69,1254,NULL
81,240,690,1598,274,1/26/1997 00:00:00,3/4/1998 00:00:00,T,EP4,National Advertising,,5759,5471,3345.00,3177.75,RML       ,NUL,4,17804.73,4190,16914.49,3981,NULL
82,464,829,1418,70,5/20/1997 00:00:00,7/1/1999 00:00:00,T,EP4,Global Advertising,,4357,4248,8846.00,8624.85,RML       ,NUL,2,14817.57,4018,14447.13,3918,NULL
83,289,911,1256,494,5/16/1997 00:00:00,3/1/1999 00:00:00,T,EP5,Prime-time Advertising,,1558,1574,2179.00,2200.79,PHN       ,NUL,1,20955.88,4487,21165.44,4532,NULL
84,431,721,1389,428,5/7/1997 00:00:00,6/18/1998 00:00:00,T,EP5,Local Market Advertising,,5827,6002,5901.00,6078.03,PHN       ,NUL,1,22148.23,7217,22812.68,7434,NULL
85,402,623,1601,207,7/23/1997 00:00:00,6/17/1998 00:00:00,T,EP5,National Advertising,,6754,7092,1756.00,1843.80,PHN       ,NUL,2,16386.86,7157,17206.20,7515,NULL
86,111,756,1239,35,4/5/1997 00:00:00,2/26/1999 00:00:00,T,EP5,Global Advertising,,6711,6375,8929.00,8482.55,PHN       ,NUL,9,14288.10,7882,13573.70,7488,NULL
87,46,830,1302,264,9/1/1996 00:00:00,4/8/1998 00:00:00,T,EP1,Prime-time Advertising,,4999,4874,8800.00,8580.00,FAX       ,NUL,5,12270.95,6792,11964.18,6622,NULL
88,189,567,1255,46,9/7/1996 00:00:00,4/21/1998 00:00:00,T,EP1,Local Market Advertising,,6693,6760,7928.00,8007.28,FAX       ,NUL,8,13200.21,6112,13332.21,6173,NULL
89,180,555,1425,196,11/23/1997 00:00:00,12/15/1998 00:00:00,T,EP1,National Advertising,,8921,9189,3756.00,3868.68,RML       ,NUL,3,19895.55,1860,20492.42,1916,NULL
90,6,586,1353,225,1/1/1997 00:00:00,7/2/1998 00:00:00,T,EP1,Global Advertising,,6006,6306,9300.00,9765.00,RML       ,NUL,2,18788.69,7535,19728.12,7912,NULL
91,334,716,1263,282,11/18/1997 00:00:00,6/7/1999 00:00:00,T,EP2,Prime-time Advertising,,3693,3508,3229.00,3067.55,FAX       ,NUL,9,23635.79,3186,22454.00,3027,NULL
92,99,962,1169,130,5/28/1997 00:00:00,1/19/1999 00:00:00,T,EP3,National Advertising,,7930,7732,5498.00,5360.55,RML       ,NUL,2,21516.44,9385,20978.53,9150,NULL
93,347,919,1234,482,11/4/1997 00:00:00,7/3/1998 00:00:00,T,EP5,Prime-time Advertising,,7284,7357,5476.00,5530.76,PHN       ,NUL,4,13690.64,7569,13827.55,7645,NULL
94,19,879,1380,203,7/24/1997 00:00:00,1/4/1999 00:00:00,T,EP5,Local Market Advertising,,9577,9864,4729.00,4870.87,RML       ,NUL,7,23086.45,3451,23779.04,3555,NULL
95,40,1055,1173,266,11/9/1997 00:00:00,1/1/1998 00:00:00,T,EP5,National Advertising,,3502,3677,9540.00,10017.00,FAX       ,NUL,4,11263.17,2855,11826.33,2998,NULL
96,70,841,1301,431,2/8/1997 00:00:00,2/15/1999 00:00:00,T,EP5,Global Advertising,,4751,4513,2189.00,2079.55,PHN       ,NUL,8,18664.99,5976,17731.74,5677,NULL
97,363,923,1187,173,4/20/1997 00:00:00,1/15/1998 00:00:00,T,EP1,Prime-time Advertising,,5010,4885,5460.00,5323.50,RML       ,NUL,9,19579.86,7155,19090.36,6976,NULL
98,287,674,1196,108,5/26/1997 00:00:00,1/5/1998 00:00:00,T,EP1,Local Market Advertising,,3872,3911,4917.00,4966.17,PHN       ,NUL,7,12217.92,2633,12340.10,2659,NULL
99,259,1053,1210,246,7/12/1996 00:00:00,3/30/1998 00:00:00,T,EP1,National Advertising,,3843,3958,4701.00,4842.03,RML       ,NUL,6,18400.52,1970,18952.54,2029,NULL
100,283,614,1188,103,7/6/1997 00:00:00,8/2/1998 00:00:00,T,EP1,Global Advertising,,3794,3984,6796.00,7135.80,PHN       ,NUL,2,17307.10,2207,18172.46,2317,NULL
101,314,1058,1400,23,12/22/1997 00:00:00,6/18/1999 00:00:00,T,EP2,Prime-time Advertising,,1736,1649,2078.00,1974.10,PHN       ,NUL,9,19594.60,8457,18614.87,8034,NULL
102,60,709,1612,86,10/8/1997 00:00:00,7/3/1998 00:00:00,T,EP2,Local Market Advertising,,1005,980,5890.00,5742.75,INT       ,NUL,7,23098.60,5087,22521.14,4960,NULL
103,420,633,1321,334,6/4/1997 00:00:00,6/10/1999 00:00:00,T,EP2,National Advertising,,7051,7122,8829.00,8917.29,RML       ,NUL,3,10220.59,2821,10322.80,2849,NULL
104,88,603,1453,155,1/25/1997 00:00:00,5/3/1998 00:00:00,T,EP2,Global Advertising,,1204,1240,9791.00,10084.73,RML       ,NUL,2,21174.70,8360,21809.94,8611,NULL
105,379,1040,1371,354,7/26/1997 00:00:00,5/7/1998 00:00:00,T,EP3,Prime-time Advertising,,5390,5660,7197.00,7556.85,RML       ,NUL,3,23736.15,4929,24922.96,5175,NULL
106,300,841,1186,87,3/27/1997 00:00:00,9/2/1998 00:00:00,T,EP3,Local Market Advertising,,8175,7766,4172.00,3963.40,PHN       ,NUL,7,13232.27,5345,12570.66,5078,NULL
107,373,825,1575,260,3/29/1997 00:00:00,4/7/1998 00:00:00,T,EP4,Global Advertising,,3060,2984,9607.00,9366.83,RML       ,NUL,5,11455.06,8885,11168.68,8663,NULL
108,455,811,1608,201,12/20/1997 00:00:00,4/16/1998 00:00:00,T,EP1,National Advertising,,7767,8000,9610.00,9898.30,FAX       ,NUL,5,20096.86,3537,20699.77,3643,NULL
109,312,566,1225,337,7/30/1997 00:00:00,8/4/1998 00:00:00,T,EP1,Global Advertising,,2041,2143,1460.00,1533.00,INT       ,NUL,8,11785.66,9134,12374.94,9591,NULL
110,156,763,1464,495,10/19/1997 00:00:00,2/7/1998 00:00:00,T,EP2,Prime-time Advertising,,7150,6793,9040.00,8588.00,RML       ,NUL,1,10433.05,8814,9911.40,8373,NULL
111,177,555,1392,149,11/20/1997 00:00:00,6/7/1999 00:00:00,T,EP2,Local Market Advertising,,7245,7064,3572.00,3482.70,RAD       ,NUL,7,22587.21,3819,22022.53,3724,NULL
112,445,1004,1416,309,9/4/1996 00:00:00,5/9/1999 00:00:00,T,EP2,National Advertising,,3877,3916,7923.00,8002.23,RML       ,NUL,5,13383.94,9518,13517.78,9613,NULL
113,385,951,1217,370,10/18/1996 00:00:00,3/6/1998 00:00:00,T,EP2,Global Advertising,,9405,9687,4740.00,4882.20,PHN       ,NUL,4,23526.41,1793,24232.20,1847,NULL
114,37,818,1520,338,8/29/1996 00:00:00,5/2/1999 00:00:00,T,EP3,Prime-time Advertising,,5874,6168,2826.00,2967.30,RML       ,NUL,8,21235.38,8156,22297.15,8564,NULL
115,397,912,1571,88,7/17/1996 00:00:00,8/18/1998 00:00:00,T,EP3,Local Market Advertising,,1965,1867,7397.00,7027.15,PHN       ,NUL,2,13255.88,3485,12593.09,3311,NULL
116,39,849,1309,235,10/30/1997 00:00:00,4/2/1998 00:00:00,T,EP3,National Advertising,,2745,2676,4543.00,4429.43,PHN       ,NUL,1,18826.08,7008,18355.43,6833,NULL
117,276,760,1407,404,10/1/1996 00:00:00,3/16/1999 00:00:00,T,EP3,Global Advertising,,7774,7852,1111.00,1122.11,RML       ,NUL,8,15094.95,4310,15245.90,4353,NULL
118,213,582,1639,143,5/7/1997 00:00:00,5/17/1999 00:00:00,T,EP4,Prime-time Advertising,,6683,6883,6710.00,6911.30,PHN       ,NUL,9,17552.15,9254,18078.71,9532,NULL
119,19,826,1551,161,1/6/1997 00:00:00,2/6/1998 00:00:00,T,EP4,Local Market Advertising,,9267,9730,3109.00,3264.45,PHN       ,NUL,2,16638.54,9376,17470.47,9845,NULL
120,91,870,1399,165,5/30/1997 00:00:00,4/25/1999 00:00:00,T,EP4,National Advertising,,3155,2997,9867.00,9373.65,PHN       ,NUL,6,11849.17,2759,11256.71,2621,NULL
121,476,657,1150,269,8/12/1997 00:00:00,4/17/1999 00:00:00,T,EP1,Local Market Advertising,,2845,2873,1034.00,1044.34,PHN       ,NUL,6,22057.83,2286,22278.41,2309,NULL
122,27,1039,1295,424,11/6/1997 00:00:00,1/29/1998 00:00:00,T,EP2,Global Advertising,,3490,3595,9563.00,9849.89,RML       ,NUL,3,14731.98,8861,15173.94,9127,NULL
123,460,599,1574,343,7/7/1997 00:00:00,3/16/1998 00:00:00,T,EP3,Prime-time Advertising,,9277,9741,8895.00,9339.75,FAX       ,NUL,3,22713.93,8255,23849.63,8668,NULL
124,174,961,1097,37,6/28/1997 00:00:00,12/14/1998 00:00:00,T,EP3,Local Market Advertising,,9819,9328,3993.00,3793.35,PHN       ,NUL,7,20862.55,5130,19819.42,4874,NULL
125,425,990,1358,177,8/9/1996 00:00:00,2/15/1999 00:00:00,T,EP3,National Advertising,,1696,1654,5364.00,5229.90,RML       ,NUL,6,21925.54,3703,21377.40,3610,NULL
126,363,832,1456,339,8/9/1996 00:00:00,10/28/1998 00:00:00,T,EP3,Global Advertising,,7916,7995,4442.00,4486.42,RML       ,NUL,1,13399.37,2563,13533.36,2589,NULL
127,342,862,1442,354,12/3/1996 00:00:00,11/29/1998 00:00:00,T,EP4,Prime-time Advertising,,4835,4980,3446.00,3549.38,RAD       ,NUL,3,24774.11,1431,25517.33,1474,NULL
128,367,992,1352,55,10/13/1996 00:00:00,2/13/1999 00:00:00,T,EP4,Local Market Advertising,,7803,8193,4937.00,5183.85,RML       ,NUL,4,19870.55,6875,20864.08,7219,NULL
129,20,1065,1340,101,3/23/1997 00:00:00,7/30/1998 00:00:00,T,EP4,National Advertising,,8295,7880,6540.00,6213.00,PHN       ,NUL,9,11965.99,1983,11367.69,1884,NULL
130,22,962,1313,240,3/25/1997 00:00:00,12/3/1998 00:00:00,T,EP4,Global Advertising,,6180,6026,2528.00,2464.80,RML       ,NUL,6,13584.57,7938,13244.96,7740,NULL
131,342,919,1318,82,7/23/1996 00:00:00,9/14/1998 00:00:00,T,EP5,Prime-time Advertising,,6766,6834,3865.00,3903.65,FAX       ,NUL,8,13913.71,2893,14052.85,2922,NULL
132,285,620,1573,358,2/16/1997 00:00:00,6/12/1998 00:00:00,T,EP5,Local Market Advertising,,5466,5630,4413.00,4545.39,FAX       ,NUL,1,22805.58,2189,23489.75,2255,NULL
133,169,1002,1320,107,1/20/1997 00:00:00,12/25/1998 00:00:00,T,EP5,National Advertising,,5907,6202,9594.00,10073.70,RML       ,NUL,7,17751.25,2717,18638.81,2853,NULL
134,139,728,1301,48,5/30/1997 00:00:00,4/5/1999 00:00:00,T,EP5,Global Advertising,,8314,7898,6427.00,6105.65,RML       ,NUL,8,17714.17,8152,16828.46,7744,NULL
135,415,1071,1579,380,10/7/1997 00:00:00,2/2/1999 00:00:00,T,EP1,Prime-time Advertising,,4795,4675,9248.00,9016.80,RML       ,NUL,4,21839.59,8380,21293.60,8171,NULL
136,358,683,1631,110,12/4/1996 00:00:00,5/9/1999 00:00:00,T,EP2,National Advertising,,8175,8257,5834.00,5892.34,FAX       ,NUL,10,17231.63,7345,17403.95,7418,NULL
137,152,791,1145,319,5/28/1997 00:00:00,7/6/1998 00:00:00,T,EP4,Local Market Advertising,,5198,5458,7260.00,7623.00,PHN       ,NUL,10,17767.43,1818,18655.80,1909,NULL
138,349,853,1147,484,1/13/1997 00:00:00,10/12/1998 00:00:00,T,EP4,National Advertising,,5072,4818,2939.00,2792.05,RML       ,NUL,9,23552.29,7978,22374.68,7579,NULL
139,470,574,1459,192,3/21/1997 00:00:00,5/30/1999 00:00:00,T,EP4,Global Advertising,,9834,9588,9561.00,9321.98,PHN       ,NUL,7,24110.91,2171,23508.14,2117,NULL
140,477,1052,1337,351,11/14/1997 00:00:00,6/11/1998 00:00:00,T,EP5,Prime-time Advertising,,8219,8301,8985.00,9074.85,RML       ,NUL,5,13155.17,3247,13286.72,3279,NULL
141,59,578,1281,222,12/19/1997 00:00:00,3/17/1998 00:00:00,T,EP5,Local Market Advertising,,8083,8325,1841.00,1896.23,RML       ,NUL,4,24929.32,5903,25677.20,6080,NULL
142,479,817,1330,132,12/28/1997 00:00:00,7/22/1998 00:00:00,T,EP5,National Advertising,,8932,9379,8817.00,9257.85,FAX       ,NUL,6,14390.63,5942,15110.16,6239,NULL
143,446,1070,1348,270,12/4/1997 00:00:00,11/23/1998 00:00:00,T,EP5,Global Advertising,,2168,2060,6805.00,6464.75,PHN       ,NUL,1,24727.64,9161,23491.26,8703,NULL
144,192,992,1640,317,5/13/1997 00:00:00,1/2/1999 00:00:00,T,EP1,Prime-time Advertising,,6073,5921,4369.00,4259.78,RML       ,NUL,7,20755.80,3754,20236.91,3660,NULL
145,336,1045,1409,349,11/21/1996 00:00:00,5/30/1998 00:00:00,T,EP1,Local Market Advertising,,5767,5825,3135.00,3166.35,RML       ,NUL,10,21486.10,5922,21700.96,5981,NULL
146,102,549,1392,146,3/16/1997 00:00:00,5/6/1999 00:00:00,T,EP1,National Advertising,,7126,7340,2182.00,2247.46,FAX       ,NUL,3,24212.04,5554,24938.40,5721,NULL
147,327,1025,1375,329,8/12/1996 00:00:00,10/26/1998 00:00:00,T,EP1,Global Advertising,,6470,6794,5911.00,6206.55,RAD       ,NUL,6,12529.00,4491,13155.45,4716,NULL
148,299,869,1214,451,9/24/1997 00:00:00,3/23/1999 00:00:00,T,EP2,Prime-time Advertising,,3521,3345,4323.00,4106.85,FAX       ,NUL,9,23914.20,2663,22718.49,2530,NULL
149,99,711,1255,332,8/19/1997 00:00:00,11/14/1998 00:00:00,T,EP2,Local Market Advertising,,9012,8787,2564.00,2499.90,FAX       ,NUL,4,21903.38,9440,21355.80,9204,NULL
150,487,888,1165,303,2/21/1997 00:00:00,2/14/1999 00:00:00,T,EP4,Prime-time Advertising,,4772,4915,3109.00,3202.27,FAX       ,NUL,5,22885.49,4112,23572.05,4235,NULL
151,347,886,1102,120,10/5/1997 00:00:00,1/31/1998 00:00:00,T,EP5,National Advertising,,5431,5703,8095.00,8499.75,RML       ,NUL,5,16175.53,9087,16984.31,9541,NULL
152,283,705,1329,264,8/3/1996 00:00:00,8/25/1998 00:00:00,T,EP5,Global Advertising,,1270,1207,1936.00,1839.20,FAX       ,NUL,5,20271.93,7018,19258.33,6667,NULL
153,384,790,1598,210,9/15/1996 00:00:00,6/19/1998 00:00:00,T,EP1,Prime-time Advertising,,6462,6300,2325.00,2266.88,PHN       ,NUL,9,14811.59,6310,14441.30,6152,NULL
154,410,598,1427,20,2/16/1997 00:00:00,12/11/1998 00:00:00,T,EP1,Local Market Advertising,,9618,9714,6082.00,6142.82,RML       ,NUL,5,21222.82,8196,21435.05,8278,NULL
155,50,886,1447,112,7/4/1996 00:00:00,12/11/1998 00:00:00,T,EP1,National Advertising,,5476,5640,3445.00,3548.35,RML       ,NUL,8,17929.16,1507,18467.03,1552,NULL
156,483,581,1290,424,10/10/1997 00:00:00,9/27/1998 00:00:00,T,EP1,Global Advertising,,1741,1828,2780.00,2919.00,FAX       ,NUL,5,12244.91,1621,12857.16,1702,NULL
157,56,1014,1124,294,9/20/1997 00:00:00,10/30/1998 00:00:00,T,EP2,Prime-time Advertising,,9749,9262,5161.00,4902.95,RML       ,NUL,1,18266.11,1325,17352.80,1259,NULL
158,302,829,1253,89,8/30/1996 00:00:00,1/14/1998 00:00:00,T,EP2,Local Market Advertising,,4259,4153,7003.00,6827.93,PHN       ,NUL,1,18303.87,8526,17846.27,8313,NULL
159,14,983,1536,415,10/4/1996 00:00:00,2/1/1999 00:00:00,T,EP2,National Advertising,,9131,9222,8734.00,8821.34,TV        ,NUL,7,22362.58,4683,22586.21,4730,NULL
160,280,665,1576,94,12/14/1996 00:00:00,8/2/1998 00:00:00,T,EP2,Global Advertising,,9151,9426,7107.00,7320.21,INT       ,NUL,7,18672.94,2192,19233.13,2258,NULL
161,258,715,1300,322,7/26/1996 00:00:00,6/16/1998 00:00:00,T,EP3,Prime-time Advertising,,6231,6543,5605.00,5885.25,FAX       ,NUL,4,24145.30,4692,25352.57,4927,NULL
162,25,1032,1449,168,9/20/1997 00:00:00,5/1/1998 00:00:00,T,EP3,Local Market Advertising,,7040,6688,3122.00,2965.90,RML       ,NUL,1,20879.53,7138,19835.55,6781,NULL
163,201,765,1437,416,8/11/1997 00:00:00,2/1/1999 00:00:00,T,EP3,National Advertising,,8153,7949,9866.00,9619.35,PHN       ,NUL,1,12521.33,5886,12208.30,5739,NULL
164,280,958,1607,279,9/14/1997 00:00:00,6/30/1999 00:00:00,T,EP3,Global Advertising,,6685,6752,2690.00,2716.90,FAX       ,NUL,1,14373.95,2715,14517.69,2742,NULL
165,93,792,1491,46,3/4/1997 00:00:00,5/15/1998 00:00:00,T,EP5,Local Market Advertising,,6445,6638,6313.00,6502.39,PHN       ,NUL,9,16959.04,1217,17467.81,1254,NULL
166,317,783,1566,339,6/17/1997 00:00:00,9/23/1998 00:00:00,T,EP2,Prime-time Advertising,,3134,2977,5680.00,5396.00,FAX       ,NUL,6,16588.02,2729,15758.62,2593,NULL
167,192,744,1227,33,10/25/1996 00:00:00,10/17/1998 00:00:00,T,EP2,Local Market Advertising,,7217,7037,9388.00,9153.30,RML       ,NUL,5,23414.63,9082,22829.26,8855,NULL
168,327,947,1495,8,10/2/1997 00:00:00,7/1/1998 00:00:00,T,EP2,National Advertising,,7506,7581,5245.00,5297.45,RML       ,NUL,7,20787.67,8544,20995.55,8629,NULL
169,267,892,1212,382,11/3/1997 00:00:00,4/24/1998 00:00:00,T,EP2,Global Advertising,,4246,4373,3646.00,3755.38,PHN       ,NUL,3,10119.08,6638,10422.65,6837,NULL
170,67,700,1331,482,6/6/1997 00:00:00,1/19/1998 00:00:00,T,EP3,Prime-time Advertising,,7843,8235,3282.00,3446.10,FAX       ,NUL,1,14177.13,9922,14885.99,10418,NULL
171,371,763,1405,276,4/17/1997 00:00:00,8/25/1998 00:00:00,T,EP3,Local Market Advertising,,4414,4193,8084.00,7679.80,FAX       ,NUL,4,18081.24,4026,17177.18,3825,NULL
172,137,964,1225,370,12/19/1997 00:00:00,6/17/1998 00:00:00,T,EP3,National Advertising,,2294,2237,9256.00,9024.60,RML       ,NUL,2,18298.75,8284,17841.28,8077,NULL
173,361,694,1577,421,9/4/1996 00:00:00,2/28/1998 00:00:00,T,EP3,Global Advertising,,5388,5442,6872.00,6940.72,RML       ,NUL,9,10024.91,7956,10125.16,8036,NULL
174,39,662,1150,409,8/29/1996 00:00:00,1/15/1999 00:00:00,T,EP4,Prime-time Advertising,,1109,1142,5336.00,5496.08,RML       ,NUL,9,13286.50,8872,13685.10,9138,NULL
175,155,1026,1198,445,11/15/1996 00:00:00,12/20/1998 00:00:00,T,EP4,Local Market Advertising,,9488,9962,9883.00,10377.15,FAX       ,NUL,9,10186.33,6734,10695.65,7071,NULL
176,390,848,1365,226,8/18/1997 00:00:00,3/29/1999 00:00:00,T,EP4,National Advertising,,7849,7457,8755.00,8317.25,FAX       ,NUL,2,20674.85,9902,19641.11,9407,NULL
177,171,572,1584,184,5/1/1997 00:00:00,6/19/1998 00:00:00,T,EP4,Global Advertising,,6153,5999,9190.00,8960.25,PHN       ,NUL,1,14738.95,1327,14370.48,1294,NULL
178,148,1005,1453,488,3/12/1997 00:00:00,7/16/1998 00:00:00,T,EP5,Prime-time Advertising,,2246,2268,1943.00,1962.43,PHN       ,NUL,8,18133.77,9332,18315.11,9425,NULL
179,376,945,1509,116,10/4/1997 00:00:00,1/25/1998 00:00:00,T,EP1,Global Advertising,,2071,2175,4869.00,5112.45,TV        ,NUL,3,12710.37,5848,13345.89,6140,NULL
180,288,820,1467,117,7/17/1997 00:00:00,3/24/1999 00:00:00,T,EP3,National Advertising,,6596,6431,5514.00,5376.15,RML       ,NUL,8,10804.55,9184,10534.44,8954,NULL
181,445,767,1372,483,4/9/1997 00:00:00,1/23/1998 00:00:00,T,EP3,Global Advertising,,5306,5359,3891.00,3929.91,RML       ,NUL,2,23610.93,9438,23847.04,9532,NULL
182,307,694,1169,123,1/19/1997 00:00:00,5/2/1998 00:00:00,T,EP4,Prime-time Advertising,,5856,6032,7575.00,7802.25,FAX       ,NUL,4,11555.58,8532,11902.25,8788,NULL
183,319,567,1552,255,12/30/1996 00:00:00,10/23/1998 00:00:00,T,EP4,Local Market Advertising,,7691,8076,3064.00,3217.20,FAX       ,NUL,4,12390.60,9686,13010.13,10170,NULL
184,83,857,1206,58,10/7/1996 00:00:00,2/13/1998 00:00:00,T,EP4,National Advertising,,8438,8016,6800.00,6460.00,RML       ,NUL,6,12407.94,4893,11787.54,4648,NULL
185,472,834,1631,33,10/10/1996 00:00:00,6/17/1999 00:00:00,T,EP4,Global Advertising,,9888,9641,6947.00,6773.33,RML       ,NUL,2,16773.96,6474,16354.61,6312,NULL
186,179,993,1621,184,8/25/1996 00:00:00,8/2/1998 00:00:00,T,EP5,Prime-time Advertising,,5858,5917,6490.00,6554.90,FAX       ,NUL,7,22293.56,5726,22516.50,5783,NULL
187,295,819,1173,416,1/1/1997 00:00:00,8/8/1998 00:00:00,T,EP5,Local Market Advertising,,2587,2665,9167.00,9442.01,FAX       ,NUL,8,16865.06,4291,17371.01,4420,NULL
188,430,805,1311,154,8/15/1996 00:00:00,2/26/1999 00:00:00,T,EP5,National Advertising,,3885,4079,3797.00,3986.85,FAX       ,NUL,1,15774.58,6240,16563.31,6552,NULL
189,428,731,1285,416,5/24/1997 00:00:00,11/8/1998 00:00:00,T,EP5,Global Advertising,,6757,6419,1068.00,1014.60,RML       ,NUL,7,15101.02,7230,14345.97,6869,NULL
190,249,1077,1517,31,8/28/1997 00:00:00,5/15/1998 00:00:00,T,EP1,Prime-time Advertising,,2991,2916,1788.00,1743.30,RML       ,NUL,7,18154.94,4504,17701.07,4391,NULL
191,237,926,1329,469,4/19/1997 00:00:00,1/17/1999 00:00:00,T,EP1,Local Market Advertising,,9208,9300,7729.00,7806.29,FAX       ,NUL,7,18693.44,7597,18880.37,7673,NULL
192,244,998,1499,299,5/8/1997 00:00:00,1/17/1999 00:00:00,T,EP1,National Advertising,,7849,8084,1588.00,1635.64,RML       ,NUL,4,13708.95,1379,14120.22,1420,NULL
193,379,744,1146,130,3/30/1997 00:00:00,3/22/1999 00:00:00,T,EP3,Local Market Advertising,,7264,6901,9412.00,8941.40,FAX       ,NUL,1,17357.35,5008,16489.48,4758,NULL
194,137,870,1155,480,11/8/1997 00:00:00,4/11/1998 00:00:00,T,EP4,Global Advertising,,4252,4146,2093.00,2040.68,PHN       ,NUL,6,17052.53,7078,16626.22,6901,NULL
195,119,1039,1170,41,12/28/1997 00:00:00,7/14/1998 00:00:00,T,EP5,Prime-time Advertising,,4905,4954,5421.00,5475.21,FAX       ,NUL,3,16457.23,8153,16621.80,8235,NULL
196,454,908,1406,259,2/20/1997 00:00:00,2/15/1998 00:00:00,T,EP5,Local Market Advertising,,8151,8396,2200.00,2266.00,INT       ,NUL,7,15272.08,9909,15730.24,10206,NULL
197,402,613,1228,363,10/13/1997 00:00:00,4/9/1999 00:00:00,T,EP5,National Advertising,,5039,5291,5721.00,6007.05,PHN       ,NUL,4,22570.87,4321,23699.41,4537,NULL
198,249,885,1169,227,12/3/1997 00:00:00,1/3/1998 00:00:00,T,EP5,Global Advertising,,1054,1001,1530.00,1453.50,PHN       ,NUL,10,23667.59,5826,22484.21,5535,NULL
199,417,633,1295,219,10/31/1996 00:00:00,4/25/1998 00:00:00,T,EP1,Prime-time Advertising,,4200,4095,6007.00,5856.83,FAX       ,NUL,7,10895.65,7976,10623.26,7777,NULL
200,342,775,1550,228,7/18/1997 00:00:00,6/3/1999 00:00:00,T,EP1,Local Market Advertising,,6034,6094,4696.00,4742.96,FAX       ,NUL,1,14200.54,8032,14342.55,8112,NULL
201,356,838,1591,111,4/16/1997 00:00:00,11/20/1998 00:00:00,T,EP1,National Advertising,,3932,4050,5885.00,6061.55,FAX       ,NUL,4,22264.54,3448,22932.48,3551,NULL
202,275,620,1438,2,8/5/1997 00:00:00,4/25/1998 00:00:00,T,EP1,Global Advertising,,7967,8365,6192.00,6501.60,PHN       ,NUL,8,12491.16,8995,13115.72,9445,NULL
203,300,960,1491,346,7/3/1996 00:00:00,9/24/1998 00:00:00,T,EP2,Prime-time Advertising,,1775,1686,9745.00,9257.75,FAX       ,NUL,7,18219.48,4256,17308.51,4043,NULL
204,399,734,1600,361,10/24/1996 00:00:00,4/20/1999 00:00:00,T,EP2,Local Market Advertising,,5852,5706,7068.00,6891.30,FAX       ,NUL,1,12916.16,6518,12593.26,6355,NULL
205,363,605,1608,272,2/13/1997 00:00:00,12/11/1998 00:00:00,T,EP2,National Advertising,,8505,8590,3394.00,3427.94,FAX       ,NUL,5,20012.25,7407,20212.37,7481,NULL
206,253,653,1215,233,11/11/1997 00:00:00,6/2/1998 00:00:00,T,EP2,Global Advertising,,5723,5895,1949.00,2007.47,FAX       ,NUL,9,10664.09,7799,10984.01,8033,NULL
207,115,1064,1552,68,11/7/1997 00:00:00,4/13/1998 00:00:00,T,EP3,Prime-time Advertising,,9404,9874,2073.00,2176.65,RML       ,NUL,6,17626.45,1776,18507.77,1865,NULL
208,296,643,1099,351,7/6/1996 00:00:00,5/30/1999 00:00:00,T,EP4,National Advertising,,1087,1033,9784.00,9294.80,RML       ,NUL,2,20312.04,1957,19296.44,1859,NULL
209,254,858,1241,170,11/17/1997 00:00:00,4/6/1998 00:00:00,T,EP1,Prime-time Advertising,,3203,3123,7870.00,7673.25,FAX       ,NUL,3,22321.44,2872,21763.40,2800,NULL
210,320,626,1352,169,10/1/1996 00:00:00,2/26/1999 00:00:00,T,EP1,Local Market Advertising,,5714,5771,8664.00,8750.64,PHN       ,NUL,2,16100.56,9876,16261.57,9975,NULL
211,199,884,1204,249,6/15/1997 00:00:00,10/27/1998 00:00:00,T,EP1,National Advertising,,1056,1088,6211.00,6397.33,RAD       ,NUL,7,19972.58,4245,20571.76,4372,NULL
212,6,686,1602,492,12/4/1996 00:00:00,11/3/1998 00:00:00,T,EP1,Global Advertising,,7266,7629,7900.00,8295.00,FAX       ,NUL,10,15674.23,1991,16457.94,2091,NULL
213,145,750,1302,76,3/14/1997 00:00:00,1/4/1998 00:00:00,T,EP2,Prime-time Advertising,,3211,3050,6762.00,6423.90,RML       ,NUL,10,14975.72,6284,14226.93,5970,NULL
214,112,606,1105,238,9/26/1997 00:00:00,6/20/1999 00:00:00,T,EP2,Local Market Advertising,,5737,5594,3758.00,3664.05,RML       ,NUL,8,10587.51,4829,10322.82,4708,NULL
215,126,566,1280,491,10/5/1996 00:00:00,1/7/1999 00:00:00,T,EP2,National Advertising,,9923,10022,9026.00,9116.26,PHN       ,NUL,5,15251.58,9995,15404.10,10095,NULL
216,251,648,1399,364,11/15/1997 00:00:00,5/25/1998 00:00:00,T,EP2,Global Advertising,,3437,3540,7243.00,7460.29,FAX       ,NUL,9,21599.33,8737,22247.31,8999,NULL
217,19,657,1266,333,1/19/1997 00:00:00,5/4/1998 00:00:00,T,EP3,Prime-time Advertising,,7633,8015,6336.00,6652.80,PHN       ,NUL,5,20028.03,9829,21029.43,10320,NULL
218,444,636,1393,400,10/1/1997 00:00:00,2/4/1998 00:00:00,T,EP3,Local Market Advertising,,6324,6008,9827.00,9335.65,PHN       ,NUL,5,10858.80,9037,10315.86,8585,NULL
219,139,798,1393,237,6/24/1997 00:00:00,1/19/1999 00:00:00,T,EP3,National Advertising,,3752,3658,9436.00,9200.10,TV        ,NUL,4,21084.01,4452,20556.91,4341,NULL
220,208,961,1625,400,6/9/1997 00:00:00,2/11/1999 00:00:00,T,EP3,Global Advertising,,4963,5013,6520.00,6585.20,PHN       ,NUL,5,16165.48,8335,16327.13,8418,NULL
221,165,703,1424,274,9/15/1997 00:00:00,6/6/1999 00:00:00,T,EP4,Prime-time Advertising,,4900,5047,8586.00,8843.58,INT       ,NUL,5,17374.02,9710,17895.24,10001,NULL
222,80,766,1442,144,5/23/1997 00:00:00,10/5/1998 00:00:00,T,EP4,Local Market Advertising,,8854,9297,9596.00,10075.80,RML       ,NUL,7,14248.05,8707,14960.45,9142,NULL
223,382,1074,1357,350,8/31/1997 00:00:00,6/4/1999 00:00:00,T,EP5,Global Advertising,,7924,7528,2559.00,2431.05,FAX       ,NUL,3,16696.09,4015,15861.29,3814,NULL
224,399,664,1396,125,12/21/1996 00:00:00,9/26/1998 00:00:00,T,EP2,National Advertising,,8146,8227,1766.00,1783.66,FAX       ,NUL,3,13374.82,6797,13508.57,6865,NULL
225,126,581,1174,35,9/6/1997 00:00:00,12/16/1998 00:00:00,T,EP2,Global Advertising,,3909,4026,6781.00,6984.43,FAX       ,NUL,10,17028.93,3330,17539.80,3430,NULL
226,259,748,1396,201,7/30/1997 00:00:00,3/17/1998 00:00:00,T,EP3,Prime-time Advertising,,9489,9963,1644.00,1726.20,PHN       ,NUL,6,16952.86,6525,17800.50,6851,NULL
227,412,1025,1537,401,7/31/1996 00:00:00,2/27/1998 00:00:00,T,EP3,Local Market Advertising,,4597,4367,6059.00,5756.05,FAX       ,NUL,9,22017.54,8661,20916.66,8228,NULL
228,404,641,1294,485,10/24/1997 00:00:00,4/6/1999 00:00:00,T,EP3,National Advertising,,4925,4802,3364.00,3279.90,RML       ,NUL,2,16316.03,4311,15908.13,4203,NULL
229,492,875,1617,240,2/6/1997 00:00:00,6/12/1999 00:00:00,T,EP3,Global Advertising,,7953,8033,7207.00,7279.07,PHN       ,NUL,5,10290.03,9774,10392.93,9872,NULL
230,251,993,1189,305,2/18/1997 00:00:00,6/3/1999 00:00:00,T,EP4,Prime-time Advertising,,2992,3082,9922.00,10219.66,INT       ,NUL,5,15913.56,6481,16390.97,6675,NULL
231,485,936,1368,73,5/1/1997 00:00:00,10/28/1998 00:00:00,T,EP4,Local Market Advertising,,9929,10425,8882.00,9326.10,PHN       ,NUL,2,18634.90,6057,19566.65,6360,NULL
232,462,1043,1626,67,10/12/1996 00:00:00,6/16/1999 00:00:00,T,EP4,National Advertising,,3704,3519,1234.00,1172.30,RML       ,NUL,6,11082.36,4175,10528.24,3966,NULL
233,99,776,1244,101,4/13/1997 00:00:00,8/4/1998 00:00:00,T,EP4,Global Advertising,,1398,1363,1658.00,1616.55,PHN       ,NUL,5,14868.36,5552,14496.65,5413,NULL
234,414,743,1354,260,8/27/1996 00:00:00,2/16/1999 00:00:00,T,EP5,Prime-time Advertising,,9851,9950,4846.00,4894.46,PHN       ,NUL,1,22875.73,2307,23104.49,2330,NULL
235,409,670,1416,395,1/12/1997 00:00:00,3/9/1998 00:00:00,T,EP5,Local Market Advertising,,1980,2039,6184.00,6369.52,TV        ,NUL,10,16247.91,8748,16735.35,9010,NULL
236,451,1030,1579,487,12/13/1996 00:00:00,4/23/1999 00:00:00,T,EP5,National Advertising,,9089,9543,7909.00,8304.45,FAX       ,NUL,2,22201.26,6275,23311.32,6589,NULL
237,91,780,1376,102,2/2/1997 00:00:00,9/10/1998 00:00:00,T,EP2,Local Market Advertising,,4780,4661,1569.00,1529.78,RML       ,NUL,10,13358.36,1639,13024.40,1598,NULL
238,273,591,1533,367,9/9/1997 00:00:00,4/26/1999 00:00:00,T,EP3,Global Advertising,,7673,7750,8204.00,8286.04,FAX       ,NUL,4,11768.39,9689,11886.07,9786,NULL
239,35,600,1555,181,8/30/1996 00:00:00,3/5/1999 00:00:00,T,EP4,Prime-time Advertising,,4898,5045,9936.00,10234.08,FAX       ,NUL,10,24447.39,6003,25180.81,6183,NULL
240,199,946,1189,202,7/3/1997 00:00:00,1/20/1998 00:00:00,T,EP4,Local Market Advertising,,4601,4831,7897.00,8291.85,PHN       ,NUL,1,17564.69,4016,18442.92,4217,NULL
241,5,1084,1623,449,4/29/1997 00:00:00,12/3/1998 00:00:00,T,EP4,National Advertising,,5413,5142,3544.00,3366.80,RML       ,NUL,5,11638.66,6043,11056.73,5741,NULL
242,478,807,1516,233,8/18/1996 00:00:00,6/18/1999 00:00:00,T,EP4,Global Advertising,,6549,6385,9837.00,9591.08,INT       ,NUL,7,18851.81,4802,18380.51,4682,NULL
243,273,664,1268,338,10/20/1996 00:00:00,6/7/1998 00:00:00,T,EP5,Prime-time Advertising,,7355,7429,1867.00,1885.67,RML       ,NUL,9,24826.95,4198,25075.22,4240,NULL
244,347,731,1477,247,8/22/1996 00:00:00,1/23/1998 00:00:00,T,EP5,Local Market Advertising,,8801,9065,6753.00,6955.59,TV        ,NUL,6,21419.66,6318,22062.25,6508,NULL
245,139,666,1575,289,7/28/1996 00:00:00,3/20/1998 00:00:00,T,EP5,National Advertising,,6336,6653,9366.00,9834.30,RML       ,NUL,5,17755.53,8274,18643.31,8688,NULL
246,93,969,1458,277,9/18/1997 00:00:00,5/12/1999 00:00:00,T,EP5,Global Advertising,,9434,8962,8823.00,8381.85,PHN       ,NUL,7,24821.23,4967,23580.17,4719,NULL
247,387,771,1111,500,5/13/1997 00:00:00,10/3/1998 00:00:00,T,EP1,Prime-time Advertising,,2319,2261,3156.00,3077.10,PHN       ,NUL,2,20085.07,6008,19582.94,5858,NULL
248,253,628,1470,299,3/19/1997 00:00:00,1/21/1999 00:00:00,T,EP1,Local Market Advertising,,9693,9790,5453.00,5507.53,RML       ,NUL,9,14128.26,9352,14269.54,9446,NULL
249,111,917,1303,398,4/10/1997 00:00:00,10/29/1998 00:00:00,T,EP1,National Advertising,,2396,2468,2746.00,2828.38,RML       ,NUL,2,24700.33,6821,25441.34,7026,NULL
250,371,1062,1376,158,2/21/1997 00:00:00,12/27/1998 00:00:00,T,EP1,Global Advertising,,8204,8614,1146.00,1203.30,RML       ,NUL,4,23570.96,1127,24749.51,1183,NULL
251,455,904,1230,28,7/31/1997 00:00:00,7/21/1998 00:00:00,T,EP2,Prime-time Advertising,,7200,6840,2393.00,2273.35,PHN       ,NUL,4,10971.22,8449,10422.66,8027,NULL
252,497,1078,1106,283,12/24/1997 00:00:00,10/16/1998 00:00:00,T,EP3,National Advertising,,1446,1410,7106.00,6928.35,PHN       ,NUL,10,10670.30,9905,10403.54,9657,NULL
253,13,963,1330,461,4/27/1997 00:00:00,5/12/1998 00:00:00,T,EP5,Local Market Advertising,,6938,7146,9221.00,9497.63,RAD       ,NUL,9,17110.35,9563,17623.66,9850,NULL
254,450,968,1256,100,10/20/1997 00:00:00,2/16/1998 00:00:00,T,EP5,National Advertising,,5932,6229,6724.00,7060.20,INT       ,NUL,5,21806.47,9421,22896.79,9892,NULL
255,318,886,1565,77,12/20/1996 00:00:00,7/26/1998 00:00:00,T,EP5,Global Advertising,,9822,9331,9545.00,9067.75,FAX       ,NUL,6,18655.66,2580,17722.88,2451,NULL
256,482,654,1218,199,10/12/1996 00:00:00,8/19/1998 00:00:00,T,EP1,Prime-time Advertising,,1953,1904,5010.00,4884.75,RML       ,NUL,4,16156.68,2545,15752.76,2481,NULL
257,59,602,1436,78,6/19/1997 00:00:00,5/16/1999 00:00:00,T,EP1,Local Market Advertising,,9193,9285,1504.00,1519.04,FAX       ,NUL,6,24522.15,9735,24767.37,9832,NULL
258,242,1056,1322,124,10/10/1997 00:00:00,11/3/1998 00:00:00,T,EP1,National Advertising,,3682,3792,6062.00,6243.86,RML       ,NUL,3,23825.47,5856,24540.23,6032,NULL
259,120,649,1599,203,11/17/1996 00:00:00,2/12/1999 00:00:00,T,EP1,Global Advertising,,3286,3450,4430.00,4651.50,PHN       ,NUL,4,21576.32,7566,22655.14,7944,NULL
260,379,558,1317,197,12/2/1997 00:00:00,8/23/1998 00:00:00,T,EP2,Prime-time Advertising,,2147,2040,5022.00,4770.90,RML       ,NUL,2,10559.41,8681,10031.44,8247,NULL
261,150,596,1640,62,11/2/1997 00:00:00,5/3/1998 00:00:00,T,EP2,Local Market Advertising,,1019,994,7906.00,7708.35,RML       ,NUL,1,16322.96,4600,15914.89,4485,NULL
262,135,861,1194,423,6/12/1997 00:00:00,10/2/1998 00:00:00,T,EP2,National Advertising,,3468,3503,8106.00,8187.06,RML       ,NUL,3,10289.48,6579,10392.37,6645,NULL
263,450,770,1507,375,8/13/1997 00:00:00,5/13/1998 00:00:00,T,EP2,Global Advertising,,2047,2108,1367.00,1408.01,FAX       ,NUL,2,19877.29,1652,20473.61,1702,NULL
264,131,799,1110,286,4/9/1997 00:00:00,6/7/1998 00:00:00,T,EP3,Prime-time Advertising,,9906,10401,1721.00,1807.05,PHN       ,NUL,9,20460.16,8789,21483.17,9228,NULL
265,17,980,1371,253,7/28/1997 00:00:00,11/3/1998 00:00:00,T,EP3,Local Market Advertising,,8204,7794,8502.00,8076.90,FAX       ,NUL,8,20869.12,5334,19825.66,5067,NULL
266,406,899,1539,94,8/2/1996 00:00:00,6/10/1999 00:00:00,T,EP5,Prime-time Advertising,,7566,7642,8877.00,8965.77,PHN       ,NUL,10,21025.37,8889,21235.62,8978,NULL
267,51,549,1565,450,2/13/1997 00:00:00,6/4/1998 00:00:00,T,EP1,National Advertising,,3686,3797,1509.00,1554.27,FAX       ,NUL,3,23048.18,6632,23739.63,6831,NULL
268,292,760,1349,133,6/3/1997 00:00:00,1/28/1998 00:00:00,T,EP1,Global Advertising,,6420,6741,7384.00,7753.20,PHN       ,NUL,3,17375.25,2698,18244.01,2833,NULL
269,400,880,1567,88,8/6/1996 00:00:00,7/1/1998 00:00:00,T,EP2,Prime-time Advertising,,6977,6628,4301.00,4085.95,FAX       ,NUL,1,11745.03,4143,11157.78,3936,NULL
270,464,899,1149,291,7/10/1997 00:00:00,4/27/1998 00:00:00,T,EP2,Local Market Advertising,,2575,2511,1070.00,1043.25,PHN       ,NUL,5,10408.27,8129,10148.06,7926,NULL
271,149,561,1467,490,9/29/1997 00:00:00,11/10/1998 00:00:00,T,EP2,National Advertising,,9393,9487,8562.00,8647.62,PHN       ,NUL,7,15924.58,7317,16083.83,7390,NULL
272,325,981,1456,100,12/29/1996 00:00:00,7/9/1998 00:00:00,T,EP2,Global Advertising,,9002,9272,3908.00,4025.24,RML       ,NUL,4,16504.31,3024,16999.44,3115,NULL
273,102,921,1229,131,8/8/1996 00:00:00,12/10/1998 00:00:00,T,EP3,Prime-time Advertising,,5450,5723,8652.00,9084.60,EML       ,NUL,5,21513.20,2458,22588.86,2581,NULL
274,1,584,1316,128,12/11/1996 00:00:00,5/25/1998 00:00:00,T,EP3,Local Market Advertising,,6468,6145,2235.00,2123.25,FAX       ,NUL,7,14986.52,3812,14237.19,3621,NULL
275,491,575,1182,148,10/10/1996 00:00:00,12/22/1998 00:00:00,T,EP3,National Advertising,,3103,3025,2203.00,2147.93,PHN       ,NUL,9,23610.18,7501,23019.93,7313,NULL
276,163,816,1618,87,9/2/1996 00:00:00,7/25/1998 00:00:00,T,EP3,Global Advertising,,9927,10026,3835.00,3873.35,FAX       ,NUL,2,22387.69,1710,22611.57,1727,NULL
277,337,955,1244,185,11/5/1996 00:00:00,2/2/1998 00:00:00,T,EP4,Prime-time Advertising,,4462,4596,7457.00,7680.71,PHN       ,NUL,4,21306.87,3389,21946.08,3491,NULL
278,143,739,1114,185,7/16/1996 00:00:00,2/7/1999 00:00:00,T,EP4,Local Market Advertising,,6069,6372,2661.00,2794.05,RML       ,NUL,6,11849.30,1865,12441.77,1958,NULL
279,22,645,1484,168,5/31/1997 00:00:00,2/18/1999 00:00:00,T,EP4,National Advertising,,4596,4366,7990.00,7590.50,RML       ,NUL,2,11945.87,5586,11348.58,5307,NULL
280,14,553,1308,496,8/10/1996 00:00:00,3/18/1998 00:00:00,T,EP4,Global Advertising,,3748,3654,1644.00,1602.90,EML       ,NUL,7,14530.22,7793,14166.96,7598,NULL
281,389,1072,1294,303,9/22/1996 00:00:00,10/26/1998 00:00:00,T,EP1,Local Market Advertising,,3788,3826,4203.00,4245.03,PHN       ,NUL,7,18293.02,7444,18475.95,7518,NULL
282,409,1076,1486,494,8/5/1997 00:00:00,1/27/1999 00:00:00,T,EP2,Global Advertising,,6773,6976,3318.00,3417.54,RML       ,NUL,3,10957.63,8149,11286.36,8393,NULL
283,284,750,1456,395,5/1/1997 00:00:00,1/4/1998 00:00:00,T,EP3,Prime-time Advertising,,2229,2340,5902.00,6197.10,RML       ,NUL,9,17420.05,1018,18291.05,1069,NULL
284,207,1015,1179,84,12/4/1996 00:00:00,2/28/1999 00:00:00,T,EP3,Local Market Advertising,,1684,1600,7677.00,7293.15,RML       ,NUL,1,10268.96,1194,9755.51,1134,NULL
285,85,853,1103,54,12/22/1996 00:00:00,5/28/1999 00:00:00,T,EP3,National Advertising,,2651,2585,9371.00,9136.73,RML       ,NUL,9,24089.00,8504,23486.78,8291,NULL
286,392,559,1286,278,9/13/1997 00:00:00,5/16/1999 00:00:00,T,EP3,Global Advertising,,1062,1073,4512.00,4557.12,PHN       ,NUL,10,22046.54,3990,22267.01,4030,NULL
287,417,1028,1414,247,5/31/1997 00:00:00,6/15/1999 00:00:00,T,EP4,Prime-time Advertising,,6993,7203,7285.00,7503.55,FAX       ,NUL,3,17476.39,1227,18000.68,1264,NULL
288,28,1058,1575,235,8/30/1996 00:00:00,1/12/1998 00:00:00,T,EP4,Local Market Advertising,,5931,6228,4990.00,5239.50,PHN       ,NUL,9,13562.69,7603,14240.82,7983,NULL
289,248,1006,1628,103,1/2/1997 00:00:00,6/18/1999 00:00:00,T,EP4,National Advertising,,6520,6194,6074.00,5770.30,PHN       ,NUL,4,19970.49,4304,18971.97,4089,NULL
290,444,906,1337,357,3/30/1997 00:00:00,8/21/1998 00:00:00,T,EP4,Global Advertising,,9855,9609,3370.00,3285.75,RML       ,NUL,10,18654.75,6273,18188.38,6116,NULL
291,45,1087,1310,186,2/6/1997 00:00:00,3/16/1998 00:00:00,T,EP5,Prime-time Advertising,,8288,8371,2312.00,2335.12,FAX       ,NUL,1,22651.73,7538,22878.25,7613,NULL
292,440,848,1464,53,8/8/1996 00:00:00,5/22/1999 00:00:00,T,EP5,Local Market Advertising,,3306,3405,9090.00,9362.70,FAX       ,NUL,5,21999.90,6472,22659.90,6666,NULL
293,404,691,1248,410,7/22/1996 00:00:00,1/27/1999 00:00:00,T,EP5,National Advertising,,7331,7698,7997.00,8396.85,RML       ,NUL,1,22160.07,5556,23268.07,5834,NULL
294,149,625,1457,241,4/19/1997 00:00:00,4/7/1999 00:00:00,T,EP5,Global Advertising,,8643,8211,1817.00,1726.15,PHN       ,NUL,7,18407.60,9227,17487.22,8766,NULL
295,333,579,1344,395,12/13/1997 00:00:00,7/7/1998 00:00:00,T,EP1,Prime-time Advertising,,3949,3850,7261.00,7079.48,RML       ,NUL,6,21524.50,9087,20986.39,8860,NULL
296,446,569,1444,368,7/4/1997 00:00:00,4/17/1998 00:00:00,T,EP2,National Advertising,,6740,6807,9570.00,9665.70,PHN       ,NUL,3,18507.77,4488,18692.85,4533,NULL
297,364,949,1601,375,10/30/1997 00:00:00,5/23/1998 00:00:00,T,EP4,Local Market Advertising,,2154,2262,5015.00,5265.75,FAX       ,NUL,10,14473.15,2576,15196.81,2705,NULL
298,46,753,1627,132,11/18/1997 00:00:00,2/2/1999 00:00:00,T,EP4,National Advertising,,3200,3040,6115.00,5809.25,PHN       ,NUL,10,17888.46,9889,16994.04,9395,NULL
299,261,650,1292,79,8/24/1996 00:00:00,6/30/1999 00:00:00,T,EP4,Global Advertising,,2414,2354,5560.00,5421.00,FAX       ,NUL,9,14150.18,2054,13796.43,2003,NULL
300,113,921,1572,132,1/2/1997 00:00:00,5/21/1999 00:00:00,T,EP5,Prime-time Advertising,,7527,7602,7726.00,7803.26,FAX       ,NUL,7,19623.39,3901,19819.62,3940,NULL
301,428,800,1201,157,7/21/1997 00:00:00,4/18/1998 00:00:00,T,EP5,Local Market Advertising,,3361,3462,9637.00,9926.11,FAX       ,NUL,5,15389.50,9057,15851.19,9329,NULL
302,37,963,1320,486,7/31/1997 00:00:00,2/18/1998 00:00:00,T,EP5,National Advertising,,4938,5185,8468.00,8891.40,FAX       ,NUL,7,17710.81,2446,18596.35,2568,NULL
303,474,717,1323,351,3/3/1997 00:00:00,4/21/1998 00:00:00,T,EP5,Global Advertising,,4440,4218,7471.00,7097.45,FAX       ,NUL,3,18603.51,5342,17673.33,5075,NULL
304,29,923,1576,385,8/17/1997 00:00:00,10/15/1998 00:00:00,T,EP1,Prime-time Advertising,,9440,9204,7080.00,6903.00,PHN       ,NUL,9,19116.05,2170,18638.15,2116,NULL
305,260,709,1129,323,12/9/1996 00:00:00,6/20/1998 00:00:00,T,EP1,Local Market Advertising,,8317,8400,3199.00,3230.99,PHN       ,NUL,4,15978.18,5733,16137.96,5790,NULL
306,423,864,1637,14,9/8/1996 00:00:00,6/11/1998 00:00:00,T,EP1,National Advertising,,9594,9882,4668.00,4808.04,PHN       ,NUL,6,16453.64,6155,16947.25,6340,NULL
307,422,842,1153,387,2/25/1997 00:00:00,6/20/1998 00:00:00,T,EP1,Global Advertising,,7158,7516,3686.00,3870.30,FAX       ,NUL,6,24492.69,5959,25717.32,6257,NULL
308,216,962,1497,207,8/28/1997 00:00:00,3/12/1998 00:00:00,T,EP2,Prime-time Advertising,,9922,9426,4160.00,3952.00,RML       ,NUL,6,14532.93,8523,13806.28,8097,NULL
309,308,787,1361,371,10/4/1996 00:00:00,9/17/1998 00:00:00,T,EP2,Local Market Advertising,,6383,6223,7382.00,7197.45,PHN       ,NUL,2,15478.16,8959,15091.21,8735,NULL
310,167,833,1518,31,9/12/1996 00:00:00,5/6/1999 00:00:00,T,EP4,Prime-time Advertising,,3848,3963,6390.00,6581.70,PHN       ,NUL,9,12921.23,5220,13308.87,5377,NULL
311,378,729,1556,68,8/25/1996 00:00:00,11/30/1998 00:00:00,T,EP5,National Advertising,,7046,7398,7232.00,7593.60,PHN       ,NUL,7,13319.57,8667,13985.55,9100,NULL
312,255,1006,1214,407,3/14/1997 00:00:00,5/12/1998 00:00:00,T,EP5,Global Advertising,,2740,2603,1907.00,1811.65,PHN       ,NUL,8,22624.94,2622,21493.69,2491,NULL
313,313,995,1494,172,12/30/1996 00:00:00,6/29/1998 00:00:00,T,EP1,Prime-time Advertising,,2119,2066,7617.00,7426.58,PHN       ,NUL,10,14385.97,4204,14026.32,4099,NULL
314,152,742,1299,433,12/4/1996 00:00:00,8/1/1998 00:00:00,T,EP1,Local Market Advertising,,7587,7663,9390.00,9483.90,RML       ,NUL,1,16224.67,5789,16386.92,5847,NULL
315,345,994,1136,146,7/30/1996 00:00:00,6/8/1999 00:00:00,T,EP1,National Advertising,,9000,9270,1666.00,1715.98,RML       ,NUL,4,15699.26,4151,16170.24,4276,NULL
316,146,1018,1503,8,8/26/1997 00:00:00,6/22/1998 00:00:00,T,EP1,Global Advertising,,2703,2838,9751.00,10238.55,FAX       ,NUL,1,24556.70,3642,25784.54,3824,NULL
317,218,918,1105,367,12/21/1997 00:00:00,3/15/1998 00:00:00,T,EP2,Prime-time Advertising,,7023,6672,1096.00,1041.20,RML       ,NUL,10,24515.20,4148,23289.44,3941,NULL
318,363,1050,1588,451,7/6/1996 00:00:00,8/25/1998 00:00:00,T,EP2,Local Market Advertising,,1261,1229,4406.00,4295.85,PHN       ,NUL,10,17748.28,6836,17304.57,6665,NULL
319,41,688,1511,311,7/31/1997 00:00:00,1/23/1999 00:00:00,T,EP2,National Advertising,,5385,5439,4173.00,4214.73,PHN       ,NUL,1,18128.57,1501,18309.86,1516,NULL
320,316,573,1601,35,12/31/1996 00:00:00,7/18/1998 00:00:00,T,EP2,Global Advertising,,1299,1338,9107.00,9380.21,RML       ,NUL,10,24536.80,4425,25272.90,4558,NULL
321,91,919,1457,430,8/24/1997 00:00:00,3/26/1998 00:00:00,T,EP3,Prime-time Advertising,,1812,1903,8336.00,8752.80,PHN       ,NUL,2,19452.45,9276,20425.07,9740,NULL
322,213,659,1566,285,9/22/1996 00:00:00,7/1/1999 00:00:00,T,EP3,Local Market Advertising,,7529,7153,7113.00,6757.35,RML       ,NUL,9,10674.69,5661,10140.96,5378,NULL
323,382,823,1275,335,2/14/1997 00:00:00,4/27/1999 00:00:00,T,EP3,National Advertising,,9793,9548,7077.00,6900.08,FAX       ,NUL,2,22956.71,7057,22382.79,6881,NULL
324,19,640,1248,481,7/25/1997 00:00:00,8/3/1998 00:00:00,T,EP3,Global Advertising,,7927,8006,2463.00,2487.63,PHN       ,NUL,7,22624.09,4640,22850.33,4686,NULL
325,78,998,1564,479,11/21/1996 00:00:00,7/20/1998 00:00:00,T,EP5,Local Market Advertising,,9336,9616,9281.00,9559.43,RML       ,NUL,3,17014.20,3506,17524.63,3611,NULL
326,402,574,1166,139,9/30/1996 00:00:00,11/23/1998 00:00:00,T,EP2,Prime-time Advertising,,8325,7909,1144.00,1086.80,RML       ,NUL,2,11616.54,5122,11035.71,4866,NULL
327,346,976,1438,407,8/8/1997 00:00:00,1/24/1999 00:00:00,T,EP2,Local Market Advertising,,1410,1375,6353.00,6194.18,PHN       ,NUL,8,15649.88,8267,15258.63,8060,NULL
328,135,834,1238,60,10/13/1996 00:00:00,3/3/1998 00:00:00,T,EP2,National Advertising,,9584,9680,4315.00,4358.15,RML       ,NUL,5,12034.43,6354,12154.77,6418,NULL
329,277,925,1225,220,4/6/1997 00:00:00,1/20/1998 00:00:00,T,EP2,Global Advertising,,4228,4355,6959.00,7167.77,PHN       ,NUL,3,16588.76,1806,17086.42,1860,NULL
330,435,1043,1505,367,10/28/1997 00:00:00,2/10/1998 00:00:00,T,EP3,Prime-time Advertising,,8076,8480,6712.00,7047.60,RML       ,NUL,2,19244.56,5120,20206.79,5376,NULL
331,196,1049,1439,319,11/15/1997 00:00:00,6/16/1999 00:00:00,T,EP3,Local Market Advertising,,3036,2884,6212.00,5901.40,FAX       ,NUL,5,12944.74,2438,12297.50,2316,NULL
332,233,923,1632,314,2/12/1997 00:00:00,1/15/1998 00:00:00,T,EP3,National Advertising,,6891,6719,9910.00,9662.25,FAX       ,NUL,10,14856.53,5562,14485.12,5423,NULL
333,395,950,1492,63,7/10/1996 00:00:00,2/9/1999 00:00:00,T,EP3,Global Advertising,,4313,4356,6488.00,6552.88,PHN       ,NUL,4,24172.53,1465,24414.26,1480,NULL
334,410,884,1128,222,1/30/1997 00:00:00,5/9/1998 00:00:00,T,EP4,Prime-time Advertising,,2899,2986,3568.00,3675.04,RML       ,NUL,9,14300.30,4664,14729.31,4804,NULL
335,430,630,1280,75,12/14/1996 00:00:00,1/26/1998 00:00:00,T,EP4,Local Market Advertising,,4466,4689,8288.00,8702.40,RML       ,NUL,1,12494.59,4569,13119.32,4797,NULL
336,220,881,1579,177,9/7/1997 00:00:00,6/23/1998 00:00:00,T,EP4,National Advertising,,2831,2689,3700.00,3515.00,PHN       ,NUL,10,10018.78,9737,9517.84,9250,NULL
337,322,896,1590,229,4/17/1997 00:00:00,8/19/1998 00:00:00,T,EP4,Global Advertising,,6201,6046,9844.00,9597.90,FAX       ,NUL,3,20721.23,8349,20203.20,8140,NULL
338,400,909,1514,174,11/24/1997 00:00:00,3/28/1999 00:00:00,T,EP5,Prime-time Advertising,,5212,5264,8705.00,8792.05,RML       ,NUL,3,10033.02,4765,10133.35,4813,NULL
339,405,807,1368,304,8/20/1997 00:00:00,2/6/1999 00:00:00,T,EP1,Global Advertising,,2978,3127,7258.00,7620.90,PHN       ,NUL,1,19687.31,3182,20671.68,3341,NULL
340,69,949,1237,402,11/10/1996 00:00:00,8/15/1998 00:00:00,T,EP3,National Advertising,,8921,8698,4949.00,4825.28,PHN       ,NUL,9,14035.16,6312,13684.28,6154,NULL
341,456,780,1630,45,5/28/1997 00:00:00,4/8/1999 00:00:00,T,EP3,Global Advertising,,4007,4047,5641.00,5697.41,PHN       ,NUL,6,19206.69,1722,19398.76,1739,NULL
342,306,1015,1426,339,7/8/1996 00:00:00,12/24/1998 00:00:00,T,EP4,Prime-time Advertising,,2139,2203,6777.00,6980.31,PHN       ,NUL,9,23928.74,7717,24646.60,7949,NULL
343,255,831,1100,69,11/17/1997 00:00:00,5/17/1998 00:00:00,T,EP4,Local Market Advertising,,4299,4514,6230.00,6541.50,PHN       ,NUL,8,10524.96,8082,11051.21,8486,NULL
344,174,948,1349,380,3/26/1997 00:00:00,4/13/1999 00:00:00,T,EP4,National Advertising,,3934,3737,8170.00,7761.50,PHN       ,NUL,10,13479.98,3786,12805.98,3597,NULL
345,124,756,1302,408,5/9/1997 00:00:00,4/15/1998 00:00:00,T,EP4,Global Advertising,,5779,5635,6738.00,6569.55,PRT       ,NUL,1,15660.73,7894,15269.21,7697,NULL
346,439,883,1468,190,10/16/1996 00:00:00,3/19/1999 00:00:00,T,EP5,Prime-time Advertising,,3086,3117,8287.00,8369.87,PHN       ,NUL,3,18400.19,7936,18584.19,8015,NULL
347,311,561,1293,208,10/15/1996 00:00:00,5/21/1999 00:00:00,T,EP5,Local Market Advertising,,3623,3732,7154.00,7368.62,FAX       ,NUL,6,23415.36,9721,24117.82,10013,NULL
348,86,601,1544,209,2/12/1997 00:00:00,10/19/1998 00:00:00,T,EP5,National Advertising,,5826,6117,9781.00,10270.05,FAX       ,NUL,2,11526.93,4517,12103.28,4743,NULL
349,134,748,1274,261,2/26/1997 00:00:00,1/1/1998 00:00:00,T,EP5,Global Advertising,,3894,3699,6484.00,6159.80,EML       ,NUL,5,10436.81,6569,9914.97,6241,NULL
350,196,1080,1451,199,7/6/1996 00:00:00,12/15/1998 00:00:00,T,EP1,Prime-time Advertising,,9469,9232,2484.00,2421.90,FAX       ,NUL,8,15923.56,9571,15525.47,9332,NULL
351,19,1079,1321,103,12/29/1996 00:00:00,10/12/1998 00:00:00,T,EP1,Local Market Advertising,,2338,2361,9460.00,9554.60,RML       ,NUL,3,23391.05,5124,23624.96,5175,NULL
352,263,745,1222,361,7/15/1996 00:00:00,6/22/1998 00:00:00,T,EP1,National Advertising,,6351,6542,8032.00,8272.96,PHN       ,NUL,7,23509.69,1373,24214.98,1414,NULL
353,242,561,1407,424,2/21/1997 00:00:00,6/8/1998 00:00:00,T,EP3,Local Market Advertising,,7319,6953,9529.00,9052.55,PHN       ,NUL,9,14762.89,7798,14024.75,7408,NULL
354,201,850,1271,343,1/25/1997 00:00:00,7/24/1998 00:00:00,T,EP4,Global Advertising,,6043,5892,2209.00,2153.78,PHN       ,NUL,10,20927.30,9817,20404.12,9572,NULL
355,112,892,1541,365,12/13/1997 00:00:00,5/23/1999 00:00:00,T,EP5,Prime-time Advertising,,7292,7365,4034.00,4074.34,PHN       ,NUL,1,14643.09,3454,14789.52,3489,NULL
356,197,569,1266,25,1/9/1997 00:00:00,1/15/1998 00:00:00,T,EP5,Local Market Advertising,,2269,2337,2444.00,2517.32,PHN       ,NUL,6,20261.48,4383,20869.32,4514,NULL
357,63,844,1179,238,3/13/1997 00:00:00,3/23/1998 00:00:00,T,EP5,National Advertising,,6727,7063,7551.00,7928.55,PHN       ,NUL,10,15893.43,5278,16688.10,5542,NULL
358,52,1028,1100,30,2/7/1997 00:00:00,5/18/1998 00:00:00,T,EP5,Global Advertising,,5189,4930,1711.00,1625.45,PHN       ,NUL,8,10150.67,4618,9643.14,4387,NULL
359,284,694,1599,137,6/26/1997 00:00:00,6/20/1998 00:00:00,T,EP1,Prime-time Advertising,,6014,5864,4798.00,4678.05,RML       ,NUL,10,19781.33,7041,19286.80,6865,NULL
360,167,743,1122,370,7/26/1997 00:00:00,7/19/1998 00:00:00,T,EP1,Local Market Advertising,,8099,8180,5658.00,5714.58,FAX       ,NUL,1,23839.25,2675,24077.64,2702,NULL
361,435,683,1175,17,10/2/1997 00:00:00,4/5/1999 00:00:00,T,EP1,National Advertising,,6237,6424,9261.00,9538.83,FAX       ,NUL,2,23751.07,2616,24463.60,2694,NULL
362,344,586,1522,151,9/11/1997 00:00:00,9/2/1998 00:00:00,T,EP1,Global Advertising,,1262,1325,2515.00,2640.75,RML       ,NUL,2,24096.38,4046,25301.20,4248,NULL
363,207,925,1314,111,4/15/1997 00:00:00,11/28/1998 00:00:00,T,EP2,Prime-time Advertising,,3262,3099,9388.00,8918.60,RML       ,NUL,4,14844.80,7968,14102.56,7570,NULL
364,325,883,1165,37,8/30/1997 00:00:00,1/29/1999 00:00:00,T,EP2,Local Market Advertising,,2949,2875,1540.00,1501.50,FAX       ,NUL,4,19206.98,1206,18726.81,1176,NULL
365,100,589,1513,379,5/12/1997 00:00:00,4/6/1999 00:00:00,T,EP2,National Advertising,,2432,2456,9640.00,9736.40,FAX       ,NUL,9,20814.94,4504,21023.09,4549,NULL
366,193,837,1252,77,4/26/1997 00:00:00,5/10/1998 00:00:00,T,EP2,Global Advertising,,1066,1098,2666.00,2745.98,RML       ,NUL,6,24357.10,8333,25087.81,8583,NULL
367,85,1067,1363,149,8/3/1996 00:00:00,9/5/1998 00:00:00,T,EP3,Prime-time Advertising,,9693,10178,1428.00,1499.40,PHN       ,NUL,5,20809.55,4469,21850.03,4692,NULL
368,10,785,1231,95,4/2/1997 00:00:00,6/4/1999 00:00:00,T,EP4,National Advertising,,7308,6943,6746.00,6408.70,RML       ,NUL,5,13766.14,2517,13077.83,2391,NULL
369,176,1009,1577,261,10/14/1996 00:00:00,1/30/1999 00:00:00,T,EP1,Prime-time Advertising,,9907,9659,4347.00,4238.33,PHN       ,NUL,3,21361.44,9169,20827.40,8940,NULL
370,1,694,1320,265,12/9/1996 00:00:00,3/5/1999 00:00:00,T,EP1,Local Market Advertising,,2052,2073,8550.00,8635.50,PHN       ,NUL,5,14633.04,8210,14779.37,8292,NULL
371,73,607,1179,401,8/26/1997 00:00:00,6/1/1999 00:00:00,T,EP1,National Advertising,,9241,9518,5436.00,5599.08,PHN       ,NUL,7,14097.69,3806,14520.62,3920,NULL
372,85,659,1133,7,11/9/1997 00:00:00,8/9/1998 00:00:00,T,EP1,Global Advertising,,4572,4801,3671.00,3854.55,RML       ,NUL,7,13227.06,9711,13888.41,10197,NULL
373,117,1026,1229,51,11/16/1997 00:00:00,4/24/1999 00:00:00,T,EP2,Prime-time Advertising,,5958,5660,5228.00,4966.60,PHN       ,NUL,6,14261.83,3559,13548.74,3381,NULL
374,467,939,1537,413,1/3/1997 00:00:00,8/23/1998 00:00:00,T,EP2,Local Market Advertising,,3579,3490,1755.00,1711.13,RML       ,NUL,2,16095.55,3937,15693.16,3839,NULL
375,451,886,1118,493,10/5/1997 00:00:00,1/21/1999 00:00:00,T,EP2,National Advertising,,9528,9623,3007.00,3037.07,RML       ,NUL,9,24332.81,2978,24576.14,3008,NULL
376,468,586,1599,445,6/5/1997 00:00:00,6/20/1999 00:00:00,T,EP2,Global Advertising,,6267,6455,5353.00,5513.59,FAX       ,NUL,4,11227.24,9925,11564.06,10223,NULL
377,418,1021,1340,467,9/9/1997 00:00:00,3/20/1999 00:00:00,T,EP3,Prime-time Advertising,,6403,6723,7558.00,7935.90,PHN       ,NUL,5,19175.60,6984,20134.38,7333,NULL
378,409,864,1586,5,11/13/1997 00:00:00,7/4/1998 00:00:00,T,EP3,Local Market Advertising,,6990,6641,5181.00,4921.95,PHN       ,NUL,9,22349.93,5091,21232.43,4836,NULL
379,472,883,1427,117,11/4/1996 00:00:00,2/4/1998 00:00:00,T,EP3,National Advertising,,4895,4773,6063.00,5911.43,PHN       ,NUL,1,16043.08,1279,15642.00,1247,NULL
380,403,1086,1623,447,3/22/1997 00:00:00,5/7/1998 00:00:00,T,EP3,Global Advertising,,9330,9423,8068.00,8148.68,FAX       ,NUL,5,10366.77,3634,10470.44,3670,NULL
381,217,786,1217,219,6/4/1997 00:00:00,3/24/1999 00:00:00,T,EP4,Prime-time Advertising,,8514,8769,6688.00,6888.64,FAX       ,NUL,9,13594.27,4863,14002.10,5009,NULL
382,284,701,1525,156,9/25/1996 00:00:00,3/23/1998 00:00:00,T,EP4,Local Market Advertising,,9900,10395,7821.00,8212.05,RML       ,NUL,10,23797.41,2983,24987.28,3132,NULL
383,284,921,1317,132,10/30/1996 00:00:00,7/17/1998 00:00:00,T,EP5,Global Advertising,,5456,5183,8144.00,7736.80,RML       ,NUL,9,17802.29,3783,16912.18,3594,NULL
384,129,950,1353,485,8/8/1996 00:00:00,10/5/1998 00:00:00,T,EP2,National Advertising,,5634,5690,3517.00,3552.17,FAX       ,NUL,3,12402.30,4032,12526.32,4072,NULL
385,230,576,1535,314,7/29/1996 00:00:00,8/21/1998 00:00:00,T,EP2,Global Advertising,,6360,6551,5375.00,5536.25,PHN       ,NUL,9,16072.30,2869,16554.47,2955,NULL
386,104,783,1574,230,6/14/1997 00:00:00,3/9/1998 00:00:00,T,EP3,Prime-time Advertising,,3655,3838,6515.00,6840.75,PRT       ,NUL,2,11143.98,9764,11701.18,10252,NULL
387,435,1032,1582,379,6/30/1997 00:00:00,2/10/1998 00:00:00,T,EP3,Local Market Advertising,,7978,7579,3456.00,3283.20,PHN       ,NUL,10,11997.84,1287,11397.95,1223,NULL
388,315,665,1575,260,12/7/1997 00:00:00,5/26/1998 00:00:00,T,EP3,National Advertising,,7222,7041,1392.00,1357.20,RML       ,NUL,2,23909.01,4746,23311.28,4627,NULL
389,19,730,1614,300,10/12/1996 00:00:00,9/7/1998 00:00:00,T,EP3,Global Advertising,,5718,5775,5339.00,5392.39,RML       ,NUL,7,23002.93,4582,23232.96,4628,NULL
390,307,840,1134,272,9/2/1997 00:00:00,3/28/1999 00:00:00,T,EP4,Prime-time Advertising,,3526,3632,2492.00,2566.76,RML       ,NUL,8,12222.12,8614,12588.78,8872,NULL
391,479,1071,1227,261,12/9/1996 00:00:00,7/27/1998 00:00:00,T,EP4,Local Market Advertising,,9114,9570,5276.00,5539.80,PHN       ,NUL,7,18390.18,8784,19309.69,9223,NULL
392,206,1054,1281,79,9/19/1997 00:00:00,1/9/1999 00:00:00,T,EP4,National Advertising,,6012,5711,8001.00,7600.95,FAX       ,NUL,6,19778.14,4586,18789.23,4357,NULL
393,470,994,1615,293,2/18/1997 00:00:00,4/5/1999 00:00:00,T,EP4,Global Advertising,,5999,5849,8465.00,8253.38,RML       ,NUL,6,18485.82,4319,18023.67,4211,NULL
394,101,840,1485,290,5/13/1997 00:00:00,8/27/1998 00:00:00,T,EP5,Prime-time Advertising,,4171,4213,1682.00,1698.82,FAX       ,NUL,9,10424.98,6551,10529.23,6617,NULL
395,454,761,1431,179,11/19/1997 00:00:00,10/12/1998 00:00:00,T,EP5,Local Market Advertising,,8930,9198,1282.00,1320.46,RML       ,NUL,2,22014.55,7369,22674.99,7590,NULL
396,180,669,1264,468,1/31/1997 00:00:00,1/24/1999 00:00:00,T,EP5,National Advertising,,6087,6391,6985.00,7334.25,PHN       ,NUL,6,19371.36,7147,20339.93,7504,NULL
397,36,1095,1408,33,12/10/1996 00:00:00,2/17/1998 00:00:00,T,EP2,Local Market Advertising,,2266,2209,5906.00,5758.35,PHN       ,NUL,10,12182.58,6160,11878.02,6006,NULL
398,330,730,1223,335,11/8/1997 00:00:00,9/13/1998 00:00:00,T,EP3,Global Advertising,,4403,4447,9614.00,9710.14,RML       ,NUL,8,12054.61,3150,12175.16,3182,NULL
399,415,763,1202,415,12/28/1996 00:00:00,4/12/1999 00:00:00,T,EP4,Prime-time Advertising,,6941,7149,1680.00,1730.40,PHN       ,NUL,9,19707.12,4518,20298.33,4654,NULL
400,215,860,1449,39,2/1/1997 00:00:00,4/17/1999 00:00:00,T,EP4,Local Market Advertising,,6979,7328,1351.00,1418.55,RML       ,NUL,6,20648.91,4242,21681.36,4454,NULL
401,324,737,1353,348,4/12/1997 00:00:00,2/13/1999 00:00:00,T,EP4,National Advertising,,4207,3997,4726.00,4489.70,PHN       ,NUL,1,19761.40,4525,18773.33,4299,NULL
402,312,1052,1182,416,7/14/1996 00:00:00,1/13/1998 00:00:00,T,EP4,Global Advertising,,3325,3242,3549.00,3460.28,FAX       ,NUL,3,20853.06,2047,20331.73,1996,NULL
403,229,881,1457,292,9/15/1996 00:00:00,10/12/1998 00:00:00,T,EP5,Prime-time Advertising,,4388,4432,1947.00,1966.47,PHN       ,NUL,5,13317.18,8382,13450.35,8466,NULL
404,285,884,1573,144,9/11/1997 00:00:00,6/25/1998 00:00:00,T,EP5,Local Market Advertising,,3221,3318,5097.00,5249.91,EML       ,NUL,9,12809.63,2038,13193.92,2099,NULL
405,467,648,1193,255,9/22/1997 00:00:00,3/6/1998 00:00:00,T,EP5,National Advertising,,6885,7229,2719.00,2854.95,PHN       ,NUL,9,14831.20,3663,15572.76,3846,NULL
406,135,664,1634,416,10/1/1996 00:00:00,3/24/1999 00:00:00,T,EP5,Global Advertising,,5618,5337,5908.00,5612.60,FAX       ,NUL,10,22656.24,6517,21523.43,6191,NULL
407,299,1093,1207,129,3/30/1997 00:00:00,5/9/1999 00:00:00,T,EP1,Prime-time Advertising,,4231,4125,5391.00,5256.23,PHN       ,NUL,8,12745.38,6023,12426.75,5872,NULL
408,399,998,1180,394,8/16/1996 00:00:00,7/1/1999 00:00:00,T,EP1,Local Market Advertising,,2142,2163,4228.00,4270.28,RML       ,NUL,4,24896.66,7968,25145.63,8048,NULL
409,1,866,1142,226,8/20/1996 00:00:00,4/23/1999 00:00:00,T,EP1,National Advertising,,8922,9190,9082.00,9354.46,PRT       ,NUL,7,17596.42,1262,18124.31,1300,NULL
410,203,764,1178,297,7/15/1996 00:00:00,10/16/1998 00:00:00,T,EP1,Global Advertising,,9282,9746,4665.00,4898.25,PHN       ,NUL,7,11768.05,2587,12356.45,2716,NULL
411,39,776,1454,261,3/1/1997 00:00:00,3/15/1998 00:00:00,T,EP2,Prime-time Advertising,,8365,7947,8787.00,8347.65,FAX       ,NUL,5,15354.58,2831,14586.85,2689,NULL
412,161,957,1469,319,8/17/1997 00:00:00,10/7/1998 00:00:00,T,EP3,National Advertising,,1075,1048,8542.00,8328.45,PHN       ,NUL,8,14574.75,2832,14210.38,2761,NULL
413,299,1052,1247,195,9/19/1996 00:00:00,2/9/1998 00:00:00,T,EP5,Prime-time Advertising,,7094,7165,2173.00,2194.73,PHN       ,NUL,1,19057.97,8713,19248.55,8800,NULL
414,277,718,1330,179,10/6/1996 00:00:00,11/8/1998 00:00:00,T,EP5,Local Market Advertising,,1831,1886,6438.00,6631.14,FAX       ,NUL,1,19834.86,2960,20429.91,3049,NULL
415,381,1024,1329,124,7/1/1998 00:00:00,9/20/1998 00:00:00,T,EP5,consumer Gold Phone Promotion,,7793,8183,1342.00,1409.10,PHN       ,NUL,10,13468.67,8673,14142.10,9107,NULL
416,136,1033,1220,124,10/1/1998 00:00:00,12/31/1998 00:00:00,T,EP5,AcmeBank Platinum Phone Promo.,,3518,3342,8784.00,8344.80,PHN       ,NUL,4,16332.92,1132,15516.27,1075,NULL
417,1,757,1429,176,1/20/1997 00:00:00,7/22/1998 00:00:00,T,EP1,Prime-time Advertising,,1430,1394,5836.00,5690.10,FAX       ,NUL,9,17292.07,8393,16859.77,8183,NULL
418,335,626,1197,82,9/23/1996 00:00:00,2/28/1998 00:00:00,T,EP1,Local Market Advertising,,6984,7054,6431.00,6495.31,EML       ,NUL,1,22989.29,7473,23219.18,7548,NULL
419,442,669,1337,364,2/15/1997 00:00:00,6/2/1999 00:00:00,T,EP1,National Advertising,,4646,4785,2909.00,2996.27,PHN       ,NUL,3,21645.11,3453,22294.46,3557,NULL
420,163,1000,1099,100,7/9/1997 00:00:00,1/8/1999 00:00:00,T,EP1,Global Advertising,,2357,2475,3395.00,3564.75,FAX       ,NUL,9,14589.98,1849,15319.48,1941,NULL
421,264,702,1176,165,5/28/1997 00:00:00,3/27/1999 00:00:00,T,EP2,Prime-time Advertising,,7761,7373,2302.00,2186.90,INT       ,NUL,7,14529.97,2753,13803.47,2615,NULL
422,321,988,1317,154,2/28/1997 00:00:00,12/15/1998 00:00:00,T,EP2,Local Market Advertising,,6940,6767,1718.00,1675.05,FAX       ,NUL,2,23443.34,8893,22857.26,8671,NULL
423,478,858,1198,95,4/12/1997 00:00:00,11/17/1998 00:00:00,T,EP2,National Advertising,,2994,3024,9156.00,9247.56,PHN       ,NUL,5,14399.75,7058,14543.75,7129,NULL
424,95,928,1111,293,12/18/1996 00:00:00,2/25/1999 00:00:00,T,EP2,Global Advertising,,6256,6444,6732.00,6933.96,RML       ,NUL,1,15068.66,1988,15520.72,2048,NULL
425,377,549,1126,459,1/6/1997 00:00:00,8/19/1998 00:00:00,T,EP3,Prime-time Advertising,,7286,7650,8787.00,9226.35,FAX       ,NUL,4,13960.63,5895,14658.66,6190,NULL
426,296,936,1099,278,10/13/1997 00:00:00,9/1/1998 00:00:00,T,EP3,Local Market Advertising,,4428,4207,5353.00,5085.35,PHN       ,NUL,5,16167.18,6707,15358.82,6372,NULL
427,141,1005,1363,66,10/25/1996 00:00:00,2/1/1998 00:00:00,T,EP4,Global Advertising,,2632,2566,8813.00,8592.68,FAX       ,NUL,7,15750.93,2118,15357.16,2065,NULL
428,155,622,1298,36,12/19/1997 00:00:00,10/15/1998 00:00:00,T,EP1,Local Market Advertising,,7315,7388,9860.00,9958.60,PHN       ,NUL,4,20286.42,9215,20489.28,9307,NULL
429,328,814,1374,494,2/15/1997 00:00:00,5/20/1998 00:00:00,T,EP1,National Advertising,,1126,1160,9412.00,9694.36,RML       ,NUL,6,13415.80,7937,13818.27,8175,NULL
430,249,990,1569,179,10/1/1997 00:00:00,11/4/1998 00:00:00,T,EP1,Global Advertising,,3829,4020,5341.00,5608.05,RML       ,NUL,9,16322.60,5260,17138.73,5523,NULL
431,326,628,1325,373,6/16/1997 00:00:00,8/21/1998 00:00:00,T,EP2,Prime-time Advertising,,3614,3433,8852.00,8409.40,RML       ,NUL,4,17234.07,9468,16372.37,8995,NULL
432,288,1032,1424,292,11/2/1996 00:00:00,10/1/1998 00:00:00,T,EP2,Local Market Advertising,,1999,1949,2072.00,2020.20,FAX       ,NUL,10,20034.52,1825,19533.66,1779,NULL
433,31,637,1235,120,8/10/1997 00:00:00,3/20/1999 00:00:00,T,EP2,National Advertising,,7744,7821,2547.00,2572.47,PHN       ,NUL,3,17926.76,5542,18106.03,5597,NULL
434,170,986,1596,148,7/17/1997 00:00:00,1/13/1999 00:00:00,T,EP2,Global Advertising,,2883,2969,1469.00,1513.07,PHN       ,NUL,7,12167.66,6415,12532.69,6607,NULL
435,435,756,1624,315,6/19/1997 00:00:00,4/28/1999 00:00:00,T,EP1,Prime-time Advertising,,3099,3022,6571.00,6406.73,RML       ,NUL,2,20711.36,3429,20193.58,3343,NULL
436,171,825,1589,34,6/6/1997 00:00:00,11/11/1998 00:00:00,T,EP3,Prime-time Advertising,,7304,7669,2933.00,3079.65,PHN       ,NUL,5,21463.58,2901,22536.76,3046,NULL
437,87,563,1548,423,6/8/1997 00:00:00,3/21/1998 00:00:00,T,EP3,Local Market Advertising,,4391,4171,9395.00,8925.25,PHN       ,NUL,10,16711.67,7601,15876.09,7221,NULL
438,445,747,1175,317,10/16/1996 00:00:00,6/30/1999 00:00:00,T,EP3,National Advertising,,9727,9484,1294.00,1261.65,RML       ,NUL,8,14317.55,9541,13959.61,9302,NULL
439,433,1012,1265,7,11/21/1997 00:00:00,6/27/1999 00:00:00,T,EP3,Global Advertising,,8601,8687,4188.00,4229.88,PHN       ,NUL,9,18132.04,6088,18313.36,6149,NULL
440,399,907,1192,317,11/27/1996 00:00:00,4/3/1998 00:00:00,T,EP4,Prime-time Advertising,,2963,3052,8092.00,8334.76,PHN       ,NUL,7,19514.42,5343,20099.85,5503,NULL
441,346,630,1497,168,11/16/1997 00:00:00,5/22/1998 00:00:00,T,EP4,Local Market Advertising,,2683,2817,8965.00,9413.25,RML       ,NUL,10,16247.50,4044,17059.88,4246,NULL
442,133,645,1562,62,10/22/1996 00:00:00,10/7/1998 00:00:00,T,EP4,National Advertising,,6332,6015,6919.00,6573.05,RML       ,NUL,2,17163.76,4168,16305.57,3960,NULL
443,484,610,1414,290,8/30/1997 00:00:00,10/27/1998 00:00:00,T,EP4,Global Advertising,,3993,3893,7741.00,7547.48,FAX       ,NUL,10,19964.85,1496,19465.73,1459,NULL
444,125,618,1638,473,7/9/1997 00:00:00,7/10/1998 00:00:00,T,EP5,Prime-time Advertising,,8393,8477,8778.00,8865.78,INT       ,NUL,10,13684.34,5209,13821.18,5261,NULL
445,442,733,1507,18,5/13/1997 00:00:00,5/3/1998 00:00:00,T,EP5,Local Market Advertising,,6682,6882,4806.00,4950.18,FAX       ,NUL,10,20297.41,2886,20906.33,2973,NULL
446,436,789,1316,7,4/16/1997 00:00:00,2/4/1999 00:00:00,T,EP5,National Advertising,,4182,4391,9628.00,10109.40,EML       ,NUL,5,13056.41,5274,13709.23,5538,NULL
447,444,878,1245,287,7/21/1996 00:00:00,3/24/1999 00:00:00,T,EP5,Global Advertising,,6831,6489,3992.00,3792.40,RML       ,NUL,2,18789.19,2056,17849.73,1953,NULL
448,481,1044,1516,345,8/10/1996 00:00:00,8/10/1998 00:00:00,T,EP1,Prime-time Advertising,,1659,1618,5597.00,5457.08,PRT       ,NUL,9,12390.76,3705,12080.99,3612,NULL
449,125,900,1103,388,12/9/1996 00:00:00,5/20/1998 00:00:00,T,EP1,Local Market Advertising,,3885,3924,5350.00,5403.50,RML       ,NUL,6,24390.16,3086,24634.06,3117,NULL
450,15,1081,1233,310,11/2/1997 00:00:00,7/6/1998 00:00:00,T,EP1,National Advertising,,3882,3998,6450.00,6643.50,RAD       ,NUL,4,21864.53,3137,22520.47,3231,NULL
451,130,712,1385,150,10/9/1996 00:00:00,11/17/1998 00:00:00,T,EP1,Global Advertising,,5183,5442,5157.00,5414.85,RML       ,NUL,1,22757.00,1304,23894.85,1369,NULL
452,56,906,1484,10,5/6/1997 00:00:00,1/2/1999 00:00:00,T,EP2,Prime-time Advertising,,7702,7317,5896.00,5601.20,PHN       ,NUL,9,22816.02,1910,21675.22,1815,NULL
453,477,553,1431,443,9/4/1996 00:00:00,3/11/1999 00:00:00,T,EP2,Local Market Advertising,,6181,6026,2004.00,1953.90,INT       ,NUL,4,13374.88,2671,13040.51,2604,NULL
454,285,855,1223,487,7/16/1996 00:00:00,12/26/1998 00:00:00,T,EP2,National Advertising,,1111,1122,1192.00,1203.92,FAX       ,NUL,5,21488.25,8565,21703.13,8651,NULL
455,156,923,1197,301,5/25/1997 00:00:00,12/30/1998 00:00:00,T,EP2,Global Advertising,,8526,8782,1389.00,1430.67,EML       ,NUL,5,21776.79,4966,22430.09,5115,NULL
456,429,670,1354,109,10/1/1996 00:00:00,4/7/1999 00:00:00,T,EP3,Prime-time Advertising,,6687,7021,1418.00,1488.90,FAX       ,NUL,5,12844.33,5159,13486.55,5417,NULL
457,487,1023,1240,390,9/27/1997 00:00:00,1/26/1999 00:00:00,T,EP3,Local Market Advertising,,6656,6323,2891.00,2746.45,PHN       ,NUL,3,21556.96,9480,20479.11,9006,NULL
458,497,886,1353,407,1/22/1997 00:00:00,1/20/1999 00:00:00,T,EP3,National Advertising,,7759,7565,6865.00,6693.38,PHN       ,NUL,3,23845.48,7181,23249.34,7001,NULL
459,366,984,1583,418,3/1/1997 00:00:00,1/1/1999 00:00:00,T,EP3,Global Advertising,,6878,6947,8325.00,8408.25,RML       ,NUL,6,15807.60,7426,15965.68,7500,NULL
460,201,605,1244,93,7/10/1996 00:00:00,5/18/1998 00:00:00,T,EP4,Prime-time Advertising,,1332,1372,6227.00,6413.81,FAX       ,NUL,6,14610.06,6482,15048.36,6676,NULL
461,218,625,1279,222,4/18/1997 00:00:00,2/4/1998 00:00:00,T,EP4,Local Market Advertising,,7541,7918,5010.00,5260.50,FAX       ,NUL,2,18659.78,6093,19592.77,6398,NULL
462,94,609,1129,442,7/2/1996 00:00:00,4/9/1999 00:00:00,T,EP4,National Advertising,,1024,973,5501.00,5225.95,PHN       ,NUL,3,15772.46,3938,14983.84,3741,NULL
463,332,910,1275,492,12/4/1996 00:00:00,9/12/1998 00:00:00,T,EP4,Global Advertising,,2418,2358,2577.00,2512.58,PHN       ,NUL,9,16928.39,5130,16505.18,5002,NULL
464,299,728,1368,150,2/18/1997 00:00:00,4/27/1998 00:00:00,T,EP5,Prime-time Advertising,,1010,1020,9577.00,9672.77,PHN       ,NUL,2,22856.50,3780,23085.07,3818,NULL
465,200,559,1487,447,10/18/1997 00:00:00,3/7/1998 00:00:00,T,EP5,Local Market Advertising,,9048,9319,3033.00,3123.99,PHN       ,NUL,10,15099.89,9318,15552.89,9598,NULL
466,54,976,1317,371,12/8/1996 00:00:00,1/6/1998 00:00:00,T,EP5,National Advertising,,2673,2807,8197.00,8606.85,FAX       ,NUL,6,11282.07,9102,11846.17,9557,NULL
467,313,880,1350,204,11/9/1996 00:00:00,3/20/1998 00:00:00,T,EP5,Global Advertising,,6691,6356,5359.00,5091.05,RML       ,NUL,7,23688.94,9933,22504.49,9436,NULL
468,283,939,1550,8,7/13/1997 00:00:00,3/19/1998 00:00:00,T,EP1,Prime-time Advertising,,7580,7391,5135.00,5006.63,RML       ,NUL,6,22392.66,2763,21832.84,2694,NULL
469,408,1021,1305,498,5/21/1997 00:00:00,3/25/1999 00:00:00,T,EP1,Local Market Advertising,,7345,7418,2119.00,2140.19,PHN       ,NUL,6,11382.73,1665,11496.56,1682,NULL
470,364,819,1478,50,11/19/1997 00:00:00,1/16/1998 00:00:00,T,EP1,National Advertising,,2195,2261,5504.00,5669.12,RML       ,NUL,2,23421.89,5591,24124.55,5759,NULL
471,325,641,1239,38,9/7/1996 00:00:00,1/23/1999 00:00:00,T,EP1,Global Advertising,,5712,5998,3697.00,3881.85,RML       ,NUL,3,20674.87,8559,21708.61,8987,NULL
472,395,586,1302,17,12/18/1997 00:00:00,8/17/1998 00:00:00,T,EP2,Prime-time Advertising,,1752,1664,5032.00,4780.40,PHN       ,NUL,10,14362.20,8794,13644.09,8354,NULL
473,332,964,1104,406,11/1/1996 00:00:00,1/12/1998 00:00:00,T,EP2,Local Market Advertising,,6217,6062,8152.00,7948.20,FAX       ,NUL,6,13592.27,3083,13252.46,3006,NULL
474,264,961,1105,286,12/31/1996 00:00:00,2/20/1999 00:00:00,T,EP2,National Advertising,,5058,5109,6267.00,6329.67,EML       ,NUL,4,13238.71,4957,13371.10,5007,NULL
475,73,553,1347,262,5/20/1997 00:00:00,10/20/1998 00:00:00,T,EP2,Global Advertising,,9908,10205,2316.00,2385.48,RML       ,NUL,9,13981.12,3850,14400.55,3966,NULL
476,460,885,1316,259,12/16/1997 00:00:00,9/2/1998 00:00:00,T,EP3,Prime-time Advertising,,7048,7400,9979.00,10477.95,INT       ,NUL,1,17325.42,7018,18191.69,7369,NULL
477,278,1061,1286,422,3/30/1997 00:00:00,1/19/1998 00:00:00,T,EP3,Local Market Advertising,,1503,1428,3651.00,3468.45,RAD       ,NUL,1,16846.93,1331,16004.58,1264,NULL
478,255,838,1641,196,7/17/1997 00:00:00,11/15/1998 00:00:00,T,EP3,National Advertising,,4288,4181,6256.00,6099.60,FAX       ,NUL,1,13618.86,7540,13278.39,7352,NULL
479,493,625,1134,389,11/22/1997 00:00:00,9/23/1998 00:00:00,T,EP3,Global Advertising,,3150,3182,1005.00,1015.05,FAX       ,NUL,2,12373.28,4314,12497.01,4357,NULL
480,219,858,1165,272,11/13/1996 00:00:00,6/15/1999 00:00:00,T,EP4,Prime-time Advertising,,9342,9622,4530.00,4665.90,FAX       ,NUL,8,18317.26,7700,18866.78,7931,NULL
481,227,934,1115,119,6/16/1997 00:00:00,5/17/1999 00:00:00,T,EP4,Local Market Advertising,,4899,5144,7436.00,7807.80,RML       ,NUL,8,23301.37,7537,24466.44,7914,NULL
482,135,709,1299,24,12/10/1997 00:00:00,3/1/1998 00:00:00,T,EP4,National Advertising,,8771,8332,2874.00,2730.30,FAX       ,NUL,8,22337.17,6039,21220.31,5737,NULL
483,183,726,1124,471,12/24/1997 00:00:00,7/4/1998 00:00:00,T,EP4,Global Advertising,,1761,1717,9693.00,9450.68,PHN       ,NUL,3,22817.81,9941,22247.36,9692,NULL
484,202,682,1511,387,4/19/1997 00:00:00,2/14/1998 00:00:00,T,EP5,Prime-time Advertising,,4963,5013,7963.00,8042.63,PHN       ,NUL,6,11410.46,6918,11524.56,6987,NULL
485,172,1016,1223,426,3/2/1997 00:00:00,8/17/1998 00:00:00,T,EP5,Local Market Advertising,,5865,6041,8357.00,8607.71,FAX       ,NUL,8,12680.67,8455,13061.09,8709,NULL
486,281,790,1417,369,6/18/1997 00:00:00,6/19/1999 00:00:00,T,EP5,National Advertising,,8326,8742,9103.00,9558.15,PHN       ,NUL,6,14975.66,3882,15724.44,4076,NULL
487,332,785,1247,420,1/29/1997 00:00:00,5/3/1999 00:00:00,T,EP5,Global Advertising,,4234,4022,6802.00,6461.90,RML       ,NUL,1,10464.43,6835,9941.21,6493,NULL
488,364,995,1246,439,10/25/1997 00:00:00,1/15/1999 00:00:00,T,EP1,Prime-time Advertising,,8464,8252,1805.00,1759.88,RML       ,NUL,9,20737.08,1917,20218.65,1869,NULL
489,398,1036,1565,13,10/2/1996 00:00:00,1/25/1998 00:00:00,T,EP1,Local Market Advertising,,1064,1075,9401.00,9495.01,PHN       ,NUL,5,10312.64,1306,10415.77,1319,NULL
490,43,916,1617,473,2/8/1997 00:00:00,10/31/1998 00:00:00,T,EP1,National Advertising,,2384,2456,9604.00,9892.12,PHN       ,NUL,3,10032.54,8949,10333.52,9217,NULL
491,444,918,1271,159,8/23/1996 00:00:00,4/22/1998 00:00:00,T,EP1,Global Advertising,,4494,4719,7436.00,7807.80,RAD       ,NUL,2,16137.28,5935,16944.14,6232,NULL
492,19,756,1339,470,11/23/1996 00:00:00,11/16/1998 00:00:00,T,EP2,Prime-time Advertising,,1130,1074,7008.00,6657.60,PHN       ,NUL,4,21507.61,9052,20432.23,8599,NULL
493,493,790,1265,321,8/28/1997 00:00:00,10/28/1998 00:00:00,T,EP2,Local Market Advertising,,9271,9039,8043.00,7841.93,FAX       ,NUL,9,11684.05,8779,11391.95,8560,NULL
494,279,659,1333,133,10/27/1996 00:00:00,9/11/1998 00:00:00,T,EP2,National Advertising,,3300,3333,6886.00,6954.86,RML       ,NUL,8,11546.42,9437,11661.88,9531,NULL
495,33,933,1383,56,6/7/1997 00:00:00,1/23/1999 00:00:00,T,EP2,Global Advertising,,7849,8084,7242.00,7459.26,PHN       ,NUL,4,15417.72,5638,15880.25,5807,NULL
496,279,1017,1152,104,5/31/1997 00:00:00,8/24/1998 00:00:00,T,EP3,Prime-time Advertising,,7454,7827,4290.00,4504.50,PHN       ,NUL,7,11053.98,1930,11606.68,2027,NULL
497,487,1093,1527,228,12/7/1997 00:00:00,7/18/1998 00:00:00,T,EP3,Local Market Advertising,,3201,3041,2456.00,2333.20,RML       ,NUL,4,24442.79,5914,23220.65,5618,NULL
498,85,1084,1286,294,9/17/1997 00:00:00,4/12/1998 00:00:00,T,EP3,National Advertising,,1150,1121,8969.00,8744.78,RML       ,NUL,8,20943.82,4317,20420.22,4209,NULL
499,16,1050,1109,107,7/25/1997 00:00:00,6/23/1999 00:00:00,T,EP3,Global Advertising,,5991,6051,5793.00,5850.93,FAX       ,NUL,8,11988.62,9609,12108.51,9705,NULL
500,396,681,1392,444,1/2/1997 00:00:00,6/14/1998 00:00:00,T,EP4,Prime-time Advertising,,8030,8271,2624.00,2702.72,RAD       ,NUL,4,12288.49,7216,12657.14,7432,NULL
501,111,1092,1643,186,3/3/1997 00:00:00,12/1/1998 00:00:00,T,EP4,Local Market Advertising,,7020,7371,7415.00,7785.75,FAX       ,NUL,6,20748.79,9273,21786.23,9737,NULL
502,390,1039,1301,453,9/23/1997 00:00:00,7/3/1998 00:00:00,T,EP4,National Advertising,,1665,1582,4087.00,3882.65,PHN       ,NUL,7,18947.28,4424,17999.92,4203,NULL
503,21,29221,29310,1,1/1/2000 00:00:00,3/30/2000 00:00:00,,SLS,headset phone,,3132,2983,423.94,446.25,phone     ,,19,28927.30,821,20662.40,587,1
504,24,29221,29310,1,1/1/2000 00:00:00,3/30/2000 00:00:00,,SLS,headset email,,3332,3174,10625.80,11185.10,email     ,,20,22750.00,910,16250.00,650,1
505,21,29500,29700,1,10/6/2000 00:00:00,4/24/2001 00:00:00,,SLS,Vodaphone Minutes Sale,,188,301,782.55,801.32,internet  ,,19,13450.00,290,12114.00,288,1
506,24,29500,29700,1,10/6/2000 00:00:00,4/24/2001 00:00:00,,SLS,Phone Sales,,6044,3980,30120.00,29850.00,internet  ,,20,29850.00,2899,29850.00,30,1
507,0,20010201,20010215,0,1/15/2001 00:00:00,1/22/2001 00:00:00,Y,HH ,2001 Q1 1/2 Price Non Subs,,2500,1995,5000.00,5545.00,tel       ,,,100000.00,2500,87642.00,1995,
508,0,20010401,20010415,0,4/1/2001 00:00:00,4/15/2001 00:00:00,Y,HH ,2001 Q2 Upgrade to 7 days,,2000,1529,4000.00,4406.00,tel       ,,,80000.00,2000,65725.00,1529,
