1,4426,1122,3,191,191,0,227,,804425,HAR,Credit,C,45007,30665,N,N,608295,3.00000000000000000000000000000000000000,882.12,610.67
2,699,1072,2,191,191,0,444,,800698,IAS,Debit,D,45425,49172,N,Y,514817,4.00000000000000000000000000000000000000,205.64,882.97
3,4715,1516,4,191,191,0,199,,804714,HAR,Credit,C,49585,22834,N,Y,257119,2.00000000000000000000000000000000000000,618.52,639.17
4,1079,1709,4,191,191,0,196,,801078,HAR,Debit,D,49535,44158,N,N,518266,6.00000000000000000000000000000000000000,406.36,348.54
5,1506,810,1,191,191,0,202,,801505,HAR,Debit,D,45856,97953,N,Y,312785,1.00000000000000000000000000000000000000,137.79,894.13
6,3858,1703,5,191,191,0,107,,803857,HAR,Debit,D,48570,39833,N,N,850368,4.00000000000000000000000000000000000000,261.47,907.58
7,4209,1266,1,191,191,0,53,,804208,IAS,Debit,D,51912,87250,Y,N,23713,2.00000000000000000000000000000000000000,165.20,510.71
8,4077,1035,4,191,191,0,124,,804076,HAR,Debit,D,48988,22987,Y,Y,522264,6.00000000000000000000000000000000000000,501.19,676.63
9,3448,1033,3,191,191,0,99,,803447,HAR,Debit,D,53296,11204,N,Y,570025,5.00000000000000000000000000000000000000,672.47,892.53
10,4504,848,2,191,191,0,261,,804503,HAR,Credit,C,50135,25929,Y,Y,289224,5.00000000000000000000000000000000000000,481.33,546.03
11,4000,1403,3,191,191,0,283,,803999,HAR,Credit,C,53877,92075,N,Y,688407,6.00000000000000000000000000000000000000,541.99,419.25
12,2413,837,1,191,191,0,157,,802412,HAR,Debit,D,51121,38963,N,Y,275674,2.00000000000000000000000000000000000000,552.36,692.44
13,50,924,6,191,191,0,205,,800049,IAS,Credit,C,49723,66351,N,N,297190,3.00000000000000000000000000000000000000,832.89,864.25
14,461,1036,3,191,191,0,137,,800460,HAR,Credit,C,46695,22914,Y,N,600208,6.00000000000000000000000000000000000000,821.60,685.60
15,360,1556,5,191,191,0,184,,800359,HAR,Debit,D,46982,97300,Y,N,121464,2.00000000000000000000000000000000000000,840.19,300.24
16,1233,1401,4,191,191,0,281,,801232,HAR,Debit,D,45120,21605,Y,Y,489,1.00000000000000000000000000000000000000,813.28,507.84
17,1290,1699,3,191,191,0,323,,801289,HAR,Debit,D,46753,87433,Y,Y,317820,4.00000000000000000000000000000000000000,458.86,421.84
18,4193,1405,5,191,191,0,479,,804192,IAS,Credit,C,53047,74371,N,N,458389,4.00000000000000000000000000000000000000,933.71,661.77
19,4201,1249,4,191,191,0,67,,804200,HAR,Debit,D,51957,91031,N,N,99582,1.00000000000000000000000000000000000000,745.07,343.30
20,3087,1814,1,191,191,0,498,,803086,HAR,Debit,D,49389,28554,Y,N,824855,2.00000000000000000000000000000000000000,328.38,485.87
21,4014,1191,6,191,191,0,272,,804013,HAR,Credit,C,52220,26625,N,N,361645,2.00000000000000000000000000000000000000,880.19,327.01
22,2804,992,4,191,191,0,45,,802803,IAS,Debit,D,47201,52001,N,N,445021,1.00000000000000000000000000000000000000,155.11,965.15
23,1075,998,2,191,191,0,259,,801074,HAR,Credit,C,52742,89511,N,N,305613,1.00000000000000000000000000000000000000,532.98,988.21
24,2937,1061,6,191,191,0,326,,802936,IAS,Debit,D,45550,45574,N,N,783166,6.00000000000000000000000000000000000000,535.13,343.72
25,248,1506,3,191,191,0,385,,800247,HAR,Debit,D,48175,64230,Y,N,64639,2.00000000000000000000000000000000000000,418.72,702.59
26,1343,921,4,191,191,0,112,,801342,IAS,Credit,C,47393,55633,N,N,47670,5.00000000000000000000000000000000000000,220.27,539.50
27,1710,1217,2,191,191,0,101,,801709,HAR,Debit,D,51498,37090,Y,Y,328654,4.00000000000000000000000000000000000000,168.29,228.91
28,4846,1312,2,191,191,0,299,,804845,IAS,Credit,C,44446,86557,N,Y,816126,3.00000000000000000000000000000000000000,758.03,953.75
29,3887,1365,1,191,191,0,13,,803886,HAR,Credit,C,45890,8659,N,N,969085,2.00000000000000000000000000000000000000,685.33,115.62
30,3960,1119,2,191,191,0,471,,803959,IAS,Credit,C,46071,13221,N,Y,660177,5.00000000000000000000000000000000000000,748.70,381.76
31,1475,1123,4,191,191,0,450,,801474,IAS,Credit,C,46607,6260,Y,Y,664053,3.00000000000000000000000000000000000000,208.38,814.50
32,822,1345,3,191,191,0,465,,800821,HAR,Credit,C,53139,93521,Y,N,770654,3.00000000000000000000000000000000000000,913.58,735.45
33,1771,1575,4,191,191,0,21,,801770,HAR,Credit,C,52856,96476,N,N,523362,2.00000000000000000000000000000000000000,280.94,993.26
34,2216,1410,6,191,191,0,429,,802215,HAR,Credit,C,53907,80850,N,N,582538,5.00000000000000000000000000000000000000,151.96,843.01
35,4840,925,6,191,191,0,180,,804839,IAS,Credit,C,54669,97635,Y,N,713462,1.00000000000000000000000000000000000000,902.68,345.21
36,4745,934,5,191,191,0,388,,804744,IAS,Debit,D,52903,36607,N,N,399915,3.00000000000000000000000000000000000000,609.37,168.49
37,4308,1748,4,191,191,0,290,,804307,IAS,Credit,C,50780,92340,Y,Y,82309,3.00000000000000000000000000000000000000,198.49,610.83
38,2848,1515,4,191,191,0,307,,802847,HAR,Credit,C,44787,42711,N,Y,21028,6.00000000000000000000000000000000000000,133.62,725.48
39,1991,1823,1,191,191,0,180,,801990,IAS,Credit,C,44500,39940,N,Y,784692,3.00000000000000000000000000000000000000,384.64,275.45
40,671,843,6,191,191,0,150,,800670,HAR,Debit,D,54239,14082,Y,Y,363323,3.00000000000000000000000000000000000000,944.97,883.68
41,3154,1389,6,191,191,0,216,,803153,IAS,Credit,C,50591,89057,Y,N,906889,2.00000000000000000000000000000000000000,221.94,999.82
42,3926,1052,3,191,191,0,445,,803925,IAS,Credit,C,54821,11146,N,Y,88260,1.00000000000000000000000000000000000000,287.28,885.58
43,2214,1632,5,191,191,0,354,,802213,HAR,Debit,D,47139,90045,Y,Y,91861,1.00000000000000000000000000000000000000,985.77,512.78
44,1760,1735,5,191,191,0,346,,801759,HAR,Credit,C,52863,52340,N,N,226570,5.00000000000000000000000000000000000000,906.03,259.02
45,765,998,4,191,191,0,211,,800764,HAR,Credit,C,48434,7542,Y,Y,164282,1.00000000000000000000000000000000000000,723.31,842.86
46,4236,1727,3,191,191,0,195,,804235,HAR,Credit,C,50332,26603,Y,N,803034,3.00000000000000000000000000000000000000,796.57,632.85
47,4975,1347,2,191,191,0,122,,804974,IAS,Credit,C,45841,32930,N,Y,755395,5.00000000000000000000000000000000000000,222.58,314.92
48,1348,883,1,191,191,0,87,,801347,IAS,Credit,C,51710,5891,N,N,461593,5.00000000000000000000000000000000000000,974.17,436.60
49,845,974,6,191,191,0,204,,800844,IAS,Debit,D,47675,96854,Y,N,928068,5.00000000000000000000000000000000000000,869.62,876.75
50,2200,763,1,191,191,0,427,,802199,HAR,Credit,C,48866,57665,N,Y,90335,4.00000000000000000000000000000000000000,634.17,428.01
51,4376,766,4,191,191,0,420,,804375,HAR,Debit,D,53080,81708,Y,N,801813,2.00000000000000000000000000000000000000,708.61,998.74
52,179,936,4,191,191,0,500,,800178,HAR,Credit,C,49935,57384,N,Y,446547,5.00000000000000000000000000000000000000,417.09,200.73
53,2898,1608,3,191,191,0,138,,802897,IAS,Credit,C,47898,34154,Y,Y,177862,3.00000000000000000000000000000000000000,412.95,291.45
54,348,757,5,191,191,0,26,,800347,HAR,Credit,C,53188,1029,N,Y,781549,6.00000000000000000000000000000000000000,267.77,991.91
55,4163,1775,2,191,191,0,199,,804162,HAR,Credit,C,44548,77609,N,N,164037,3.00000000000000000000000000000000000000,240.45,526.27
56,3637,1151,6,191,191,0,228,,803636,IAS,Credit,C,53910,17582,N,N,465866,4.00000000000000000000000000000000000000,898.50,395.85
57,4908,905,5,191,191,0,473,,804907,IAS,Debit,D,44904,24748,N,Y,799769,6.00000000000000000000000000000000000000,600.40,332.04
58,1383,915,1,191,191,0,392,,801382,HAR,Debit,D,51277,81534,Y,N,614155,3.00000000000000000000000000000000000000,752.12,586.59
59,487,1777,5,191,191,0,426,,800486,IAS,Credit,C,47160,90003,Y,Y,681174,2.00000000000000000000000000000000000000,812.71,721.68
60,1746,1781,5,191,191,0,430,,801745,HAR,Credit,C,44226,25377,N,N,710197,2.00000000000000000000000000000000000000,166.15,316.56
61,3964,1142,5,191,191,0,182,,803963,HAR,Credit,C,52716,2054,Y,N,585986,5.00000000000000000000000000000000000000,568.09,693.80
62,3185,1438,2,191,191,0,442,,803184,IAS,Credit,C,49336,52123,Y,Y,231941,2.00000000000000000000000000000000000000,133.95,438.21
63,1908,1356,1,191,191,0,83,,801907,HAR,Debit,D,51044,16361,Y,N,98545,2.00000000000000000000000000000000000000,502.05,954.33
64,1939,785,6,191,191,0,279,,801938,IAS,Credit,C,52696,47783,Y,Y,276468,5.00000000000000000000000000000000000000,163.81,411.61
65,1792,1211,3,191,191,0,256,,801791,HAR,Credit,C,48572,27626,N,N,234963,5.00000000000000000000000000000000000000,944.17,423.16
66,2738,1329,6,191,191,0,107,,802737,HAR,Credit,C,49784,93885,Y,Y,185004,3.00000000000000000000000000000000000000,649.08,220.11
67,1090,996,6,191,191,0,170,,801089,HAR,Debit,D,53550,82312,N,N,67813,4.00000000000000000000000000000000000000,685.13,851.71
68,1286,1493,5,191,191,0,465,,801285,HAR,Credit,C,52346,79950,Y,N,167883,5.00000000000000000000000000000000000000,723.30,482.91
69,3065,996,1,191,191,0,201,,803064,HAR,Debit,D,49932,91135,Y,N,351452,2.00000000000000000000000000000000000000,243.85,626.66
70,2201,1677,3,191,191,0,334,,802200,HAR,Debit,D,51260,16014,Y,N,929655,2.00000000000000000000000000000000000000,627.33,762.77
71,1409,1076,2,191,191,0,198,,801408,IAS,Debit,D,48246,41573,N,Y,146825,1.00000000000000000000000000000000000000,622.66,290.48
72,4269,1660,6,191,191,0,194,,804268,IAS,Debit,D,45423,45131,N,N,293863,2.00000000000000000000000000000000000000,467.45,584.55
73,1560,1372,4,191,191,0,40,,801559,IAS,Credit,C,48473,10371,N,Y,446486,2.00000000000000000000000000000000000000,275.36,856.08
74,608,1281,2,191,191,0,87,,800607,IAS,Credit,C,48621,55849,Y,N,828395,6.00000000000000000000000000000000000000,785.54,444.85
75,2577,778,2,191,191,0,199,,802576,IAS,Credit,C,46919,76019,Y,Y,799677,6.00000000000000000000000000000000000000,168.38,306.44
76,2238,1126,6,191,191,0,185,,802237,HAR,Credit,C,52399,94733,N,Y,470077,2.00000000000000000000000000000000000000,410.15,123.72
77,3459,923,6,191,191,0,308,,803458,HAR,Debit,D,54093,31267,Y,Y,937254,2.00000000000000000000000000000000000000,740.92,922.26
78,2167,1023,3,191,191,0,345,,802166,IAS,Debit,D,54943,78842,N,N,150029,5.00000000000000000000000000000000000000,632.62,601.16
79,2250,1373,1,191,191,0,217,,802249,HAR,Debit,D,46575,95627,N,Y,396711,6.00000000000000000000000000000000000000,667.07,382.56
80,4491,1820,6,191,191,0,176,,804490,IAS,Credit,C,45953,8256,N,Y,418440,6.00000000000000000000000000000000000000,355.28,563.82
81,124,1415,2,191,191,0,59,,800123,HAR,Credit,C,50904,27864,Y,N,147252,2.00000000000000000000000000000000000000,124.85,886.28
82,3492,1687,2,191,191,0,100,,803491,IAS,Credit,C,46519,78567,Y,Y,69613,6.00000000000000000000000000000000000000,267.47,119.63
83,492,741,6,191,191,0,312,,800491,IAS,Debit,D,51438,38506,N,Y,214607,1.00000000000000000000000000000000000000,452.50,256.95
84,2194,1187,6,191,191,0,418,,802193,HAR,Debit,D,49993,93360,Y,Y,767114,1.00000000000000000000000000000000000000,698.77,916.38
85,4786,1226,4,191,191,0,361,,804785,IAS,Debit,D,52241,2338,Y,Y,306223,6.00000000000000000000000000000000000000,210.46,162.32
86,2536,1762,2,191,191,0,365,,802535,HAR,Credit,C,50865,76733,N,N,668478,5.00000000000000000000000000000000000000,382.06,842.39
87,935,1043,2,191,191,0,61,,800934,HAR,Credit,C,50951,70898,N,Y,436171,4.00000000000000000000000000000000000000,249.54,822.92
88,1157,950,4,191,191,0,179,,801156,IAS,Debit,D,51641,85797,Y,N,50509,6.00000000000000000000000000000000000000,623.61,449.10
89,3084,821,4,191,191,0,299,,803083,IAS,Debit,D,45657,84988,Y,Y,550127,1.00000000000000000000000000000000000000,668.08,219.75
90,731,1824,2,191,191,0,163,,800730,IAS,Credit,C,47712,23164,N,N,934142,3.00000000000000000000000000000000000000,456.34,360.71
91,1227,1049,4,191,191,0,56,,801226,IAS,Credit,C,52777,87161,Y,Y,150487,3.00000000000000000000000000000000000000,476.04,521.88
92,2363,1634,1,191,191,0,243,,802362,HAR,Debit,D,45237,49462,N,Y,709373,3.00000000000000000000000000000000000000,808.78,483.82
93,300,1659,1,191,191,0,472,,800299,IAS,Debit,D,47924,34233,Y,Y,921263,4.00000000000000000000000000000000000000,859.11,980.08
94,845,1252,6,191,191,0,36,,800844,IAS,Debit,D,46011,95823,N,Y,760400,5.00000000000000000000000000000000000000,561.34,122.03
95,2049,1619,3,191,191,0,404,,802048,HAR,Debit,D,49794,9776,N,N,353008,5.00000000000000000000000000000000000000,337.87,753.43
96,900,1473,5,191,191,0,408,,800899,HAR,Debit,D,54344,76376,N,N,90549,5.00000000000000000000000000000000000000,718.32,792.55
97,1353,1809,1,191,191,0,495,,801352,IAS,Credit,C,50031,36623,N,N,368054,3.00000000000000000000000000000000000000,733.93,815.96
98,3591,1513,4,191,191,0,41,,803590,IAS,Credit,C,50932,776,Y,Y,947326,4.00000000000000000000000000000000000000,459.11,929.90
99,327,1319,2,191,191,0,229,,800326,IAS,Credit,C,53104,89362,N,Y,945281,6.00000000000000000000000000000000000000,530.00,467.31
100,4800,786,4,191,191,0,490,,804799,HAR,Debit,D,54738,86679,N,Y,447249,1.00000000000000000000000000000000000000,411.28,502.45
101,4107,1428,2,191,191,0,500,,804106,IAS,Credit,C,50186,6831,N,N,745263,3.00000000000000000000000000000000000000,836.03,153.25
102,1015,1780,5,191,191,0,250,,801014,IAS,Credit,C,52863,72241,Y,Y,201148,5.00000000000000000000000000000000000000,503.71,230.10
103,1558,803,2,191,191,0,170,,801557,HAR,Credit,C,48024,4642,N,Y,735161,4.00000000000000000000000000000000000000,543.36,670.42
104,3967,885,2,191,191,0,317,,803966,HAR,Debit,D,51419,28633,Y,N,938933,6.00000000000000000000000000000000000000,535.74,793.84
105,2762,1667,2,191,191,0,133,,802761,IAS,Debit,D,53817,87659,Y,Y,813868,5.00000000000000000000000000000000000000,498.83,577.90
106,3647,1124,5,191,191,0,251,,803646,HAR,Credit,C,49410,72540,Y,N,134526,3.00000000000000000000000000000000000000,736.26,236.49
107,1951,1716,5,191,191,0,380,,801950,HAR,Credit,C,49091,62490,Y,N,436781,4.00000000000000000000000000000000000000,454.93,816.83
108,3481,791,2,191,191,0,237,,803480,IAS,Credit,C,45602,78638,Y,N,631184,6.00000000000000000000000000000000000000,529.84,396.19
109,2230,1382,2,191,191,0,56,,802229,HAR,Debit,D,51571,50020,N,N,241097,6.00000000000000000000000000000000000000,544.87,317.07
110,3349,1799,6,191,191,0,149,,803348,HAR,Credit,C,45401,92127,Y,N,266183,3.00000000000000000000000000000000000000,892.88,704.14
111,4048,1223,3,191,191,0,30,,804047,IAS,Debit,D,45059,97886,Y,N,670523,6.00000000000000000000000000000000000000,934.76,616.76
112,2526,1609,3,191,191,0,110,,802525,IAS,Debit,D,45724,41204,N,Y,495987,5.00000000000000000000000000000000000000,422.72,100.14
113,991,1518,3,191,191,0,448,,800990,HAR,Credit,C,52312,92972,Y,N,600483,3.00000000000000000000000000000000000000,589.68,562.04
114,2163,1575,4,191,191,0,61,,802162,IAS,Credit,C,52881,49578,Y,N,21180,6.00000000000000000000000000000000000000,395.75,747.26
115,1107,763,3,191,191,0,305,,801106,HAR,Debit,D,53907,73935,N,N,962982,5.00000000000000000000000000000000000000,539.87,935.58
116,462,1061,3,191,191,0,314,,800461,IAS,Credit,C,45438,48971,N,Y,411512,4.00000000000000000000000000000000000000,833.57,943.46
117,3773,1823,1,191,191,0,1,,803772,HAR,Debit,D,50124,43679,N,N,371685,6.00000000000000000000000000000000000000,838.82,952.27
118,1768,1406,2,191,191,0,123,,801767,HAR,Debit,D,47110,91608,N,Y,730827,5.00000000000000000000000000000000000000,161.08,631.20
119,3255,1674,5,191,191,0,407,,803254,HAR,Debit,D,45823,81876,Y,Y,746972,3.00000000000000000000000000000000000000,222.37,186.80
120,1825,1141,4,191,191,0,241,,801824,IAS,Debit,D,45618,62713,Y,Y,162145,5.00000000000000000000000000000000000000,273.61,616.10
121,3873,844,4,191,191,0,425,,803872,IAS,Debit,D,46310,57445,N,N,940795,6.00000000000000000000000000000000000000,284.89,478.35
122,3483,1047,2,191,191,0,486,,803482,IAS,Debit,D,54575,93033,N,Y,632680,2.00000000000000000000000000000000000000,796.08,874.50
123,2492,813,3,191,191,0,53,,802491,IAS,Debit,D,53222,41072,N,Y,361675,4.00000000000000000000000000000000000000,625.36,642.14
124,2487,1555,4,191,191,0,300,,802486,IAS,Debit,D,54355,71316,N,Y,438643,4.00000000000000000000000000000000000000,544.07,665.16
125,4761,1410,3,191,191,0,445,,804760,HAR,Debit,D,49391,17692,N,N,599933,1.00000000000000000000000000000000000000,317.52,187.07
126,3806,1245,6,191,191,0,315,,803805,IAS,Credit,C,53973,56817,Y,Y,870510,2.00000000000000000000000000000000000000,795.01,448.82
127,3761,1501,2,191,191,0,475,,803760,HAR,Credit,C,49732,99006,Y,Y,52401,2.00000000000000000000000000000000000000,276.97,324.40
128,1265,809,4,191,191,0,415,,801264,IAS,Credit,C,53957,91800,N,N,837856,3.00000000000000000000000000000000000000,437.24,189.89
129,4550,767,6,191,191,0,301,,804549,HAR,Credit,C,53108,35967,N,N,547655,6.00000000000000000000000000000000000000,212.36,479.33
130,1104,1550,5,191,191,0,293,,801103,IAS,Credit,C,53225,14033,N,N,494400,3.00000000000000000000000000000000000000,145.18,378.02
131,3880,1484,2,191,191,0,422,,803879,HAR,Credit,C,49205,31288,Y,N,970825,6.00000000000000000000000000000000000000,100.41,208.60
132,1613,1686,6,191,191,0,24,,801612,IAS,Debit,D,44955,69302,Y,Y,862972,5.00000000000000000000000000000000000000,234.43,339.72
133,4297,1539,5,191,191,0,248,,804296,IAS,Credit,C,47417,51940,N,N,888669,3.00000000000000000000000000000000000000,737.12,206.21
134,1153,1411,4,191,191,0,117,,801152,HAR,Debit,D,45469,23887,Y,N,460616,2.00000000000000000000000000000000000000,326.90,143.06
135,4304,1689,1,191,191,0,157,,804303,IAS,Debit,D,50708,41652,N,N,174688,1.00000000000000000000000000000000000000,709.86,624.90
136,3861,1393,6,191,191,0,84,,803860,IAS,Debit,D,46098,77090,Y,N,923430,1.00000000000000000000000000000000000000,809.96,721.20
137,1392,768,3,191,191,0,59,,801391,HAR,Credit,C,51498,33412,N,N,633992,5.00000000000000000000000000000000000000,550.51,274.93
138,2137,1267,5,191,191,0,499,,802136,HAR,Credit,C,53064,73712,N,Y,631703,4.00000000000000000000000000000000000000,704.54,374.09
139,3897,751,6,191,191,0,459,,803896,IAS,Debit,D,49528,61965,Y,N,628255,2.00000000000000000000000000000000000000,606.57,352.60
140,1279,1413,5,191,191,0,65,,801278,HAR,Debit,D,50351,16560,Y,N,334880,5.00000000000000000000000000000000000000,925.24,290.05
141,3405,870,4,191,191,0,20,,803404,HAR,Debit,D,47745,76309,N,N,700828,2.00000000000000000000000000000000000000,699.29,941.90
142,4112,1454,6,191,191,0,169,,804111,HAR,Credit,C,50584,78958,N,N,776513,1.00000000000000000000000000000000000000,339.48,154.42
143,1699,1581,4,191,191,0,124,,801698,IAS,Credit,C,48171,52205,N,Y,201758,5.00000000000000000000000000000000000000,686.80,228.17
144,4013,937,2,191,191,0,454,,804012,HAR,Credit,C,46899,17225,Y,N,319255,3.00000000000000000000000000000000000000,835.64,961.17
145,2542,873,6,191,191,0,435,,802541,IAS,Debit,D,47776,4670,N,N,912718,2.00000000000000000000000000000000000000,123.24,919.65
146,2310,1113,4,191,191,0,371,,802309,IAS,Debit,D,52824,83203,Y,N,570025,4.00000000000000000000000000000000000000,680.14,623.51
147,3623,1515,3,191,191,0,463,,803622,HAR,Debit,D,45360,483,Y,Y,671896,3.00000000000000000000000000000000000000,633.86,442.22
148,1845,1242,1,191,191,0,252,,801844,HAR,Debit,D,54148,36726,Y,Y,4761,3.00000000000000000000000000000000000000,485.60,394.57
149,1189,798,4,191,191,0,122,,801188,IAS,Debit,D,48422,70678,N,N,999329,5.00000000000000000000000000000000000000,155.18,972.89
150,1603,1469,5,191,191,0,364,,801602,IAS,Debit,D,48798,58150,N,N,593616,6.00000000000000000000000000000000000000,167.96,470.96
151,2451,1069,3,191,191,0,301,,802450,HAR,Debit,D,47039,23039,Y,N,721489,3.00000000000000000000000000000000000000,722.08,533.54
152,4737,1315,4,191,191,0,478,,804736,HAR,Credit,C,53718,60833,N,Y,425795,3.00000000000000000000000000000000000000,411.60,108.46
153,3601,1658,5,191,191,0,416,,803600,IAS,Debit,D,53738,54623,Y,Y,596668,3.00000000000000000000000000000000000000,913.95,318.47
154,3736,1459,3,191,191,0,425,,803735,IAS,Debit,D,45737,3635,Y,Y,334758,5.00000000000000000000000000000000000000,532.44,439.57
155,3912,1752,4,191,191,0,480,,803911,IAS,Debit,D,44370,64233,N,Y,939665,5.00000000000000000000000000000000000000,920.82,296.07
156,1752,1134,6,191,191,0,164,,801751,HAR,Credit,C,45452,3434,N,N,523027,1.00000000000000000000000000000000000000,839.12,975.20
157,3674,1079,6,191,191,0,165,,803673,IAS,Debit,D,52993,64932,N,N,246956,2.00000000000000000000000000000000000000,408.45,229.40
158,1163,1006,1,191,191,0,343,,801162,HAR,Credit,C,47094,47609,N,Y,187293,2.00000000000000000000000000000000000000,496.08,627.25
159,3374,1686,1,191,191,0,359,,803373,IAS,Debit,D,46734,96546,N,N,821742,4.00000000000000000000000000000000000000,883.49,681.88
160,2666,1667,1,191,191,0,360,,802665,HAR,Credit,C,47411,6547,N,Y,143376,6.00000000000000000000000000000000000000,785.69,515.27
161,479,962,6,191,191,0,235,,800478,IAS,Debit,D,53678,38152,N,N,398755,1.00000000000000000000000000000000000000,844.57,430.85
162,4909,1032,5,191,191,0,427,,804908,IAS,Debit,D,52538,46148,N,N,451247,1.00000000000000000000000000000000000000,269.41,483.07
163,846,1079,2,191,191,0,310,,800845,IAS,Credit,C,48730,20588,N,Y,769403,1.00000000000000000000000000000000000000,857.49,185.25
164,823,1594,1,191,191,0,131,,800822,IAS,Credit,C,51874,40312,N,Y,40010,5.00000000000000000000000000000000000000,757.87,107.34
165,4962,918,2,191,191,0,8,,804961,IAS,Credit,C,48500,38954,Y,Y,406721,1.00000000000000000000000000000000000000,511.27,897.16
166,1711,1256,5,191,191,0,498,,801710,HAR,Debit,D,46956,83459,Y,Y,332957,2.00000000000000000000000000000000000000,657.03,612.28
167,974,1133,5,191,191,0,222,,800973,HAR,Credit,C,52176,65100,Y,N,90427,3.00000000000000000000000000000000000000,782.30,266.55
168,815,1678,6,191,191,0,55,,800814,IAS,Debit,D,47337,3000,N,N,872433,2.00000000000000000000000000000000000000,952.26,481.24
169,3242,1549,3,191,191,0,379,,803241,IAS,Debit,D,48390,60140,Y,Y,531877,5.00000000000000000000000000000000000000,995.50,961.79
170,175,1297,4,191,191,0,394,,800174,HAR,Debit,D,44456,71869,Y,Y,944945,4.00000000000000000000000000000000000000,351.52,970.29
171,3048,755,3,191,191,0,499,,803047,HAR,Debit,D,44107,86939,N,N,999024,6.00000000000000000000000000000000000000,285.40,828.36
172,3034,1487,5,191,191,0,230,,803033,IAS,Credit,C,51518,20997,Y,Y,206184,6.00000000000000000000000000000000000000,359.47,819.92
173,1079,1165,2,191,191,0,261,,801078,HAR,Debit,D,49491,22627,Y,Y,941466,3.00000000000000000000000000000000000000,867.28,205.40
174,1319,1767,2,191,191,0,470,,801318,HAR,Debit,D,44364,51833,Y,N,305979,2.00000000000000000000000000000000000000,435.54,865.63
175,2066,943,4,191,191,0,62,,802065,HAR,Debit,D,51782,71090,N,Y,615467,5.00000000000000000000000000000000000000,486.30,232.39
176,816,1581,1,191,191,0,267,,800815,IAS,Credit,C,45352,48827,Y,Y,513291,5.00000000000000000000000000000000000000,357.16,556.53
177,1105,1258,2,191,191,0,83,,801104,HAR,Credit,C,44170,75467,N,N,708945,5.00000000000000000000000000000000000000,192.64,266.76
178,3029,983,2,191,191,0,93,,803028,IAS,Credit,C,53226,91934,N,Y,341167,2.00000000000000000000000000000000000000,785.75,761.02
179,3830,1493,5,191,191,0,347,,803829,HAR,Debit,D,54675,30662,N,N,966430,1.00000000000000000000000000000000000000,394.57,692.51
180,2673,1321,2,191,191,0,293,,802672,HAR,Credit,C,49993,69125,N,N,171881,3.00000000000000000000000000000000000000,217.00,282.35
181,1129,1026,3,191,191,0,286,,801128,IAS,Credit,C,54011,95835,Y,N,814051,2.00000000000000000000000000000000000000,526.64,335.83
182,1139,1541,4,191,191,0,150,,801138,IAS,Debit,D,51803,88870,N,Y,881802,4.00000000000000000000000000000000000000,965.85,472.32
183,2619,1007,6,191,191,0,303,,802618,HAR,Credit,C,50475,6892,Y,N,984711,3.00000000000000000000000000000000000000,510.78,174.75
184,1221,1061,2,191,191,0,450,,801220,HAR,Debit,D,49814,92658,Y,Y,466384,6.00000000000000000000000000000000000000,700.71,840.82
185,1365,1758,1,191,191,0,332,,801364,HAR,Credit,C,52815,89023,N,N,142797,5.00000000000000000000000000000000000000,414.40,754.73
186,584,1553,4,191,191,0,41,,800583,HAR,Debit,D,50078,67474,Y,N,665365,2.00000000000000000000000000000000000000,229.56,969.55
187,1816,1267,3,191,191,0,400,,801815,HAR,Credit,C,44098,69146,N,Y,509446,6.00000000000000000000000000000000000000,123.55,497.31
188,1484,1054,1,191,191,0,397,,801483,IAS,Debit,D,47407,58318,N,Y,587512,6.00000000000000000000000000000000000000,454.06,624.55
189,1134,1351,6,191,191,0,193,,801133,IAS,Credit,C,54603,88455,Y,Y,487412,3.00000000000000000000000000000000000000,794.03,318.71
190,1476,1221,3,191,191,0,181,,801475,IAS,Credit,C,54253,80698,Y,Y,335735,4.00000000000000000000000000000000000000,227.66,771.90
191,2751,1764,1,191,191,0,118,,802750,HAR,Credit,C,47674,14897,N,N,286020,1.00000000000000000000000000000000000000,918.52,134.50
192,3663,1447,2,191,191,0,308,,803662,HAR,Credit,C,52582,33125,Y,N,632130,3.00000000000000000000000000000000000000,523.79,984.29
193,2700,887,1,191,191,0,361,,802699,IAS,Debit,D,47615,55682,N,Y,546373,2.00000000000000000000000000000000000000,489.69,779.19
194,3567,1736,3,191,191,0,4,,803566,IAS,Debit,D,44746,9620,N,Y,442916,4.00000000000000000000000000000000000000,495.93,456.69
195,319,790,6,191,191,0,456,,800318,HAR,Debit,D,47552,69769,Y,N,966064,2.00000000000000000000000000000000000000,664.37,512.84
196,4292,1193,4,191,191,0,372,,804291,IAS,Credit,C,49366,12217,Y,Y,603443,1.00000000000000000000000000000000000000,740.74,819.94
197,2968,1345,3,191,191,0,342,,802967,IAS,Debit,D,49312,80377,Y,Y,924437,4.00000000000000000000000000000000000000,720.59,537.74
198,4017,904,2,191,191,0,455,,804016,IAS,Credit,C,53198,63452,Y,N,443221,4.00000000000000000000000000000000000000,259.21,851.41
199,664,914,3,191,191,0,428,,800663,IAS,Debit,D,48299,87485,Y,Y,107365,1.00000000000000000000000000000000000000,425.79,609.98
200,621,1330,2,191,191,0,295,,800620,IAS,Credit,C,51010,18864,Y,Y,410871,2.00000000000000000000000000000000000000,625.73,186.58
201,2944,1411,2,191,191,0,156,,802943,HAR,Credit,C,51369,80334,N,N,132512,3.00000000000000000000000000000000000000,594.92,949.11
202,1858,806,1,191,191,0,498,,801857,IAS,Debit,D,52463,79513,Y,N,699210,3.00000000000000000000000000000000000000,239.33,336.71
203,730,1320,4,191,191,0,63,,800729,HAR,Credit,C,50703,49914,N,N,174078,4.00000000000000000000000000000000000000,955.55,556.73
